altitude,latitude,longitude,Time (s)
8.21291292645,2.94455960903,101.303766658,1734609277.18
8.21191354562,2.94455960992,101.303766659,1734609277.23
8.21398952976,2.94455961568,101.303766657,1734609277.27
8.21262446791,2.94455961122,101.303766662,1734609277.33
8.21304032858,2.94455961096,101.30376666,1734609277.37
8.21361922566,2.94455961413,101.303766658,1734609277.43
8.21622376051,2.94455963074,101.303766667,1734609277.47
8.22044252325,2.94455963297,101.303766677,1734609277.53
8.21892661043,2.94455963251,101.303766671,1734609277.58
8.21729782224,2.94455962696,101.303766668,1734609277.64
8.21880429983,2.94455962926,101.303766681,1734609277.68
8.22047051508,2.94455963082,101.303766665,1734609277.73
8.21929295454,2.94455962965,101.30376667,1734609277.78
8.21857889742,2.94455963171,101.303766675,1734609277.83
8.2190125538,2.94455962924,101.303766675,1734609277.88
8.21975370497,2.94455962473,101.303766667,1734609277.97
8.21835009661,2.9445596359,101.303766678,1734609277.98
8.22047383618,2.94455963309,101.303766684,1734609278.06
8.21869804524,2.94455963106,101.303766678,1734609278.08
8.21811961196,2.94455964038,101.303766674,1734609278.13
8.21960738022,2.94455963573,101.303766673,1734609278.2
8.21913148928,2.94455963461,101.303766678,1734609278.23
8.21945812926,2.94455963337,101.303766671,1734609278.29
8.2157557942,2.94455962863,101.303766676,1734609278.34
8.21669983864,2.94455963118,101.303766669,1734609278.38
8.21692395397,2.94455963039,101.303766673,1734609278.44
8.21330814064,2.94455961573,101.303766661,1734609278.48
8.21330598742,2.94455961402,101.303766662,1734609278.53
8.21163317375,2.9445596114,101.303766673,1734609278.59
8.21318221372,2.94455961317,101.303766672,1734609278.65
8.21252725739,2.94455961924,101.303766656,1734609278.67
8.21145147923,2.94455961133,101.30376666,1734609278.77
8.21113184933,2.94455961423,101.303766666,1734609278.78
8.21133652795,2.94455961548,101.303766658,1734609278.82
8.21179381944,2.94455961281,101.303766669,1734609278.89
8.21411852911,2.94455961753,101.303766668,1734609278.92
8.21197612863,2.94455961464,101.303766665,1734609278.97
8.2139400728,2.94455961744,101.303766667,1734609279.05
8.21557451971,2.94455962166,101.303766665,1734609279.08
8.21363922209,2.94455961911,101.303766666,1734609279.13
8.21597922686,2.94455962247,101.303766664,1734609279.17
8.2157382993,2.94455962554,101.303766675,1734609279.29
8.2141683111,2.94455962006,101.303766665,1734609279.34
8.21186888963,2.94455961778,101.303766667,1734609279.37
8.21179925557,2.94455961768,101.30376666,1734609279.44
8.21482555848,2.9445596146,101.303766671,1734609279.48
8.212879695,2.94455961597,101.30376666,1734609279.54
8.21540014911,2.9445596214,101.30376667,1734609279.58
8.2138076704,2.94455961293,101.303766667,1734609279.63
8.21411439311,2.94455961723,101.303766671,1734609279.69
8.21104886662,2.94455960824,101.303766655,1734609279.73
8.21178579424,2.94455961445,101.30376667,1734609279.78
8.21337469295,2.9445596161,101.303766669,1734609279.83
8.21080877632,2.94455960995,101.30376666,1734609279.87
8.21081891935,2.9445596089,101.303766661,1734609279.94
8.2116286736,2.94455960786,101.303766662,1734609279.97
8.20935955178,2.94455960693,101.303766657,1734609280.06
8.21027280949,2.94455960324,101.303766659,1734609280.07
8.21082837228,2.94455960457,101.303766659,1734609280.13
8.21144486405,2.94455960897,101.303766662,1734609280.18
8.21023182757,2.94455960989,101.303766659,1734609280.24
8.21221128479,2.94455961293,101.30376666,1734609280.27
8.21148087643,2.94455960191,101.303766654,1734609280.34
8.21096242871,2.94455960184,101.303766669,1734609280.38
8.21347983927,2.94455960652,101.303766687,1734609280.44
8.21071087848,2.94455960436,101.303766667,1734609280.51
8.21069993358,2.94455959973,101.303766665,1734609280.54
8.21288470551,2.94455960539,101.30376667,1734609280.58
8.21344227437,2.94455960216,101.303766679,1734609280.63
8.21329735219,2.94455960009,101.303766675,1734609280.68
8.21471846011,2.94455960639,101.303766671,1734609280.73
8.21597838681,2.94455960942,101.303766682,1734609280.78
8.21299930196,2.94455960205,101.303766675,1734609280.87
8.21285981312,2.94455960383,101.303766666,1734609280.88
8.21410858445,2.94455960606,101.303766681,1734609280.95
8.21445179544,2.94455960392,101.303766686,1734609280.98
8.21036788542,2.94455960025,101.303766678,1734609281.06
8.21160758287,2.94455959536,101.303766657,1734609281.08
8.21114956215,2.94455960086,101.303766669,1734609281.13
8.21107583493,2.94455959572,101.303766674,1734609281.18
8.21174455993,2.94455960297,101.303766673,1734609281.23
8.21195751894,2.94455960253,101.303766674,1734609281.28
8.20829813462,2.94455959718,101.303766674,1734609281.35
8.20785148069,2.94455960512,101.303766654,1734609281.37
8.20558147226,2.94455960027,101.30376665,1734609281.44
8.20828740112,2.94455960819,101.303766656,1734609281.47
8.20777160302,2.94455960392,101.303766649,1734609281.54
8.20949079655,2.94455960533,101.303766653,1734609281.59
8.20781482942,2.94455960352,101.303766652,1734609281.64
8.20834898204,2.94455960084,101.303766652,1734609281.67
8.2095057806,2.9445596021,101.303766653,1734609281.74
8.20750538725,2.94455959615,101.303766652,1734609281.77
8.20857214741,2.9445595971,101.303766643,1734609281.84
8.2091226643,2.94455960877,101.30376664,1734609281.88
8.20878695324,2.9445596041,101.303766648,1734609281.93
8.20776584651,2.94455960283,101.303766651,1734609281.97
8.21105918847,2.94455959985,101.303766643,1734609282.07
8.20968193095,2.94455959358,101.303766655,1734609282.08
8.20820942707,2.94455960405,101.303766663,1734609282.13
8.20961821452,2.94455960491,101.30376666,1734609282.18
8.20978774317,2.94455959924,101.303766649,1734609282.27
8.20804356784,2.94455959609,101.303766644,1734609282.29
8.20893570129,2.94455959384,101.30376665,1734609282.33
8.20854309481,2.94455959677,101.30376667,1734609282.38
8.20793647692,2.94455960378,101.303766664,1734609282.44
8.20870031789,2.94455959703,101.303766663,1734609282.48
8.20804030728,2.94455959918,101.303766674,1734609282.54
8.20923167467,2.94455959525,101.303766669,1734609282.58
8.20775286201,2.94455960431,101.303766673,1734609282.64
8.20833256189,2.94455959754,101.30376667,1734609282.67
8.21035389602,2.94455960901,101.303766666,1734609282.72
8.20982793812,2.94455960172,101.303766672,1734609282.78
8.2117057126,2.94455960261,101.303766672,1734609282.82
8.20816682465,2.94455960088,101.30376667,1734609282.89
8.2080416875,2.94455959595,101.303766676,1734609282.94
8.20894205477,2.94455960345,101.303766673,1734609282.97
8.2085110303,2.9445596001,101.303766668,1734609283.04
8.2081971243,2.94455959879,101.303766665,1734609283.09
8.20957227424,2.94455959613,101.303766666,1734609283.13
8.20874514151,2.94455959687,101.303766671,1734609283.18
8.20846448559,2.9445595953,101.303766674,1734609283.25
8.20698015857,2.94455959031,101.303766673,1734609283.28
8.20654950384,2.94455958779,101.30376666,1734609283.34
8.20554241817,2.94455957843,101.303766661,1734609283.39
8.20582005661,2.94455956027,101.30376666,1734609283.46
8.20635657012,2.94455956743,101.303766668,1734609283.48
8.20310968813,2.94455956643,101.303766663,1734609283.53
8.20499270037,2.94455958145,101.30376667,1734609283.59
8.20494644716,2.94455958389,101.303766667,1734609283.64
8.20560901053,2.94455957216,101.303766661,1734609283.68
8.20441452693,2.94455955894,101.303766676,1734609283.73
8.20541286375,2.944559556,101.303766666,1734609283.78
8.20373191405,2.94455956551,101.303766674,1734609283.83
8.20261269528,2.94455956501,101.303766667,1734609283.88
8.20463707857,2.9445595637,101.30376667,1734609283.93
8.20167195983,2.94455955843,101.303766653,1734609284.02
8.20429644641,2.94455956381,101.30376667,1734609284.05
8.20366699714,2.94455957171,101.303766672,1734609284.08
8.20335850865,2.94455957318,101.303766675,1734609284.13
8.20357235707,2.94455957543,101.303766671,1734609284.18
8.20679033268,2.94455957442,101.303766677,1734609284.24
8.2027815925,2.94455956877,101.303766675,1734609284.28
8.20388315246,2.94455956628,101.303766666,1734609284.34
8.20523352642,2.94455958065,101.303766677,1734609284.38
8.20630258229,2.94455959208,101.303766677,1734609284.44
8.20420306176,2.94455958559,101.303766666,1734609284.47
8.2042817995,2.94455958943,101.303766671,1734609284.54
8.2060353281,2.94455958573,101.303766673,1734609284.57
8.20298610162,2.94455958505,101.303766671,1734609284.63
8.20412157755,2.94455959018,101.303766679,1734609284.69
8.20571690891,2.94455959345,101.303766677,1734609284.72
8.20478754397,2.94455958942,101.303766675,1734609284.79
8.20731152408,2.94455959884,101.303766674,1734609284.82
8.20431059971,2.94455958466,101.303766665,1734609284.87
8.20426933561,2.94455959331,101.303766675,1734609284.93
8.20395147055,2.94455959,101.303766682,1734609284.97
8.20578212664,2.94455958452,101.303766668,1734609285.05
8.20289629046,2.94455958556,101.303766673,1734609285.08
8.20386673603,2.94455958614,101.30376668,1734609285.14
8.20310569834,2.9445595891,101.303766675,1734609285.19
8.20668488834,2.94455959029,101.303766679,1734609285.27
8.20472851396,2.94455959434,101.303766686,1734609285.28
8.20654287003,2.94455959403,101.303766686,1734609285.36
8.20488594566,2.94455959271,101.303766674,1734609285.39
8.20363381784,2.9445595918,101.303766676,1734609285.44
8.1999204848,2.94455958366,101.303766662,1734609285.49
8.19875106681,2.94455958287,101.303766658,1734609285.54
8.20034326054,2.94455958251,101.30376666,1734609285.58
8.19804462884,2.94455957813,101.303766659,1734609285.63
8.19943533,2.94455958744,101.303766664,1734609285.67
8.20079863444,2.9445595876,101.30376666,1734609285.73
8.19961114228,2.94455958128,101.303766656,1734609285.78
8.19991561491,2.94455958857,101.303766665,1734609285.85
8.19833310042,2.94455959034,101.303766662,1734609285.87
8.19969887007,2.94455958793,101.303766671,1734609285.92
8.19962977339,2.94455959157,101.303766666,1734609285.98
8.19827581197,2.94455958852,101.303766666,1734609286.06
8.19847397879,2.94455958388,101.303766662,1734609286.08
8.19873782061,2.94455958981,101.303766664,1734609286.13
8.20094143879,2.94455959445,101.30376666,1734609286.18
8.20055222698,2.94455958492,101.303766652,1734609286.23
8.20178779215,2.94455959068,101.303766661,1734609286.28
8.20112177823,2.94455958706,101.303766663,1734609286.34
8.2000251282,2.94455959146,101.30376666,1734609286.4
8.19887380674,2.94455958569,101.303766665,1734609286.46
8.19741492625,2.94455958486,101.303766662,1734609286.49
8.20043956023,2.94455957233,101.303766669,1734609286.53
8.20105329528,2.94455956944,101.303766674,1734609286.58
8.19950197451,2.94455956503,101.303766675,1734609286.63
8.19988229778,2.94455957341,101.303766679,1734609286.68
8.19939943124,2.94455956508,101.303766681,1734609286.73
8.20263704658,2.94455956867,101.303766677,1734609286.79
8.20053671207,2.94455956866,101.30376668,1734609286.83
8.20188595355,2.94455956924,101.303766679,1734609286.87
8.20218453277,2.94455956755,101.303766678,1734609286.92
8.2015281627,2.9445595608,101.30376667,1734609286.98
8.20082405582,2.94455956354,101.303766677,1734609287.06
8.19912732206,2.94455956983,101.303766673,1734609287.08
8.2025937736,2.94455956574,101.303766671,1734609287.14
8.20017755404,2.94455957036,101.303766688,1734609287.19
8.2004864309,2.94455956899,101.303766673,1734609287.23
8.20073258691,2.9445595699,101.303766675,1734609287.31
8.20099593699,2.9445595697,101.303766682,1734609287.34
8.20350341313,2.94455956777,101.303766675,1734609287.38
8.20266171917,2.94455956349,101.303766677,1734609287.46
8.19945739117,2.94455956136,101.303766665,1734609287.47
8.19903109781,2.94455956066,101.30376667,1734609287.53
8.1982266251,2.94455955869,101.303766672,1734609287.58
8.19818053488,2.94455956051,101.303766674,1734609287.62
8.19709454104,2.9445595447,101.303766706,1734609287.67
8.20071182121,2.94455952243,101.303766748,1734609287.72
8.19491820037,2.94455950708,101.303766779,1734609287.78
8.1938445447,2.94455951538,101.30376675,1734609287.83
8.19515083544,2.94455953555,101.303766707,1734609287.88
8.19681674894,2.94455956199,101.303766676,1734609287.93
8.19678535592,2.94455957801,101.303766664,1734609287.98
8.19938889053,2.9445595755,101.303766656,1734609288.05
8.2017897293,2.94455953529,101.303766711,1734609288.08
8.20311152376,2.94455945885,101.303766838,1734609288.13
8.20563655999,2.94455934681,101.303767021,1734609288.18
8.19847957138,2.94455919323,101.303767268,1734609288.25
8.1928936746,2.94455901741,101.303767567,1734609288.29
8.19078230951,2.94455883956,101.303767845,1734609288.34
8.19290090445,2.94455868077,101.303768049,1734609288.39
8.1930981772,2.94455855137,101.303768203,1734609288.46
8.19369374868,2.94455842862,101.303768395,1734609288.48
8.19287115615,2.94455829416,101.303768613,1734609288.54
8.19009273779,2.94455811786,101.303768872,1734609288.58
8.1901715491,2.94455790199,101.303769179,1734609288.65
8.18889187556,2.94455768498,101.303769481,1734609288.67
8.19245008007,2.94455748902,101.303769788,1734609288.73
8.18829712179,2.94455729265,101.303770092,1734609288.77
8.18294920586,2.9445570933,101.303770405,1734609288.82
8.1853622254,2.94455693016,101.303770719,1734609288.87
8.1848408943,2.94455677283,101.303771001,1734609288.94
8.18472223449,2.944556619,101.303771258,1734609288.98
8.18058401719,2.94455648547,101.303771489,1734609289.05
8.18109055236,2.9445563725,101.303771646,1734609289.08
8.17844926659,2.94455628452,101.303771729,1734609289.14
8.18086409662,2.94455622585,101.303771751,1734609289.18
8.18137922045,2.94455619245,101.3037717,1734609289.28
8.18382586259,2.9445562158,101.303771654,1734609289.33
8.18682151381,2.94455626538,101.303771597,1734609289.38
8.19608533476,2.94455631483,101.303771571,1734609289.45
8.19280560967,2.94455634962,101.303771561,1734609289.49
8.1954734344,2.94455636129,101.303771612,1734609289.56
8.19389772974,2.94455631283,101.303771723,1734609289.58
8.18954412453,2.94455620956,101.303771908,1734609289.63
8.1877409732,2.94455605678,101.303772154,1734609289.68
8.18658428267,2.94455588467,101.303772393,1734609289.73
8.18534162361,2.94455569369,101.303772609,1734609289.78
8.18257499021,2.94455553456,101.303772826,1734609289.84
8.183750825,2.94455539316,101.303773042,1734609289.88
8.18980438355,2.9445552674,101.303773264,1734609289.93
8.1899948651,2.94455512611,101.303773505,1734609289.97
8.18925898429,2.94455494435,101.303773781,1734609290.05
8.19116073474,2.94455476144,101.303774112,1734609290.07
8.19038129877,2.94455458245,101.30377445,1734609290.13
8.18785782345,2.94455440599,101.303774796,1734609290.18
8.1882189652,2.94455423686,101.303775135,1734609290.23
8.18970534764,2.94455405872,101.303775476,1734609290.28
8.18365434371,2.94455387924,101.303775811,1734609290.33
8.19328746945,2.94455371067,101.303776172,1734609290.37
8.1948918486,2.94455351959,101.303776522,1734609290.44
8.18138495274,2.94455327795,101.30377683,1734609290.47
8.17023392487,2.94455304611,101.303777208,1734609290.54
8.17285419814,2.94455285049,101.303777595,1734609290.58
8.17227047775,2.94455263629,101.303777994,1734609290.66
8.17285785172,2.94455243096,101.303778395,1734609290.67
8.16491872072,2.94455222844,101.303778793,1734609290.73
8.16448510159,2.94455204183,101.303779166,1734609290.78
8.15894499887,2.94455188257,101.303779468,1734609290.83
8.156772702,2.94455177157,101.303779705,1734609290.88
8.16007043701,2.94455169933,101.303779909,1734609290.94
8.16586226225,2.94455163136,101.303780092,1734609290.98
8.16562584788,2.94455156,101.303780232,1734609291.05
8.16522001661,2.9445514923,101.303780317,1734609291.08
8.16456955113,2.94455145202,101.303780427,1734609291.13
8.17042758316,2.94455141457,101.303780532,1734609291.28
8.1724634096,2.94455137264,101.303780643,1734609291.29
8.16998417862,2.94455131134,101.303780799,1734609291.29
8.17294274643,2.94455122613,101.303781041,1734609291.33
8.1881201202,2.94455113362,101.303781326,1734609291.37
8.18282145914,2.94455095749,101.303781598,1734609291.43
8.17866761703,2.94455077121,101.303781906,1734609291.48
8.18319986202,2.94455062018,101.303782208,1734609291.53
8.18206958938,2.94455047558,101.303782507,1734609291.57
8.17720771953,2.94455033577,101.303782816,1734609291.63
8.18096648343,2.94455020047,101.303783114,1734609291.67
8.18656616844,2.94455005072,101.303783429,1734609291.72
8.18725853879,2.94454985651,101.303783769,1734609291.77
8.18803781364,2.94454966661,101.303784125,1734609291.83
8.18619087245,2.94454948479,101.30378448,1734609291.87
8.18622045033,2.94454931666,101.303784866,1734609291.93
8.17303623911,2.94454912168,101.303785243,1734609291.98
8.17468632199,2.94454895474,101.30378561,1734609292.07
8.18156499043,2.94454877844,101.303785993,1734609292.08
8.18534617592,2.94454859607,101.303786356,1734609292.14
8.17795913573,2.94454838824,101.303786713,1734609292.18
8.17552319169,2.94454818717,101.303787118,1734609292.26
8.17711921968,2.944547963,101.303787512,1734609292.28
8.17861662619,2.94454774758,101.303787914,1734609292.34
8.1785636358,2.94454755908,101.303788292,1734609292.39
8.18287630659,2.94454736231,101.303788704,1734609292.43
8.18093424104,2.94454715551,101.30378909,1734609292.48
8.17694207653,2.94454695536,101.303789469,1734609292.56
8.17592734564,2.94454676572,101.303789878,1734609292.58
8.18223156501,2.9445466044,101.303790291,1734609292.63
8.18533521798,2.94454642669,101.303790683,1734609292.68
8.17284446396,2.94454622987,101.303791094,1734609292.73
8.1712912498,2.94454604102,101.303791503,1734609292.78
8.1764544053,2.94454585347,101.303791896,1734609292.83
8.17629664298,2.94454565972,101.303792292,1734609292.88
8.17003799602,2.94454547161,101.303792679,1734609292.93
8.17205164768,2.94454527954,101.303793066,1734609292.97
8.17209028825,2.94454506729,101.303793472,1734609293.06
8.16991404537,2.94454483525,101.303793842,1734609293.07
8.16768106073,2.94454460301,101.30379423,1734609293.13
8.16930276155,2.94454439454,101.303794643,1734609293.18
8.16011229996,2.94454398459,101.303795412,1734609293.27
8.1655509742,2.94454380931,101.303795817,1734609293.36
8.16849486716,2.9445436086,101.303796226,1734609293.39
8.1522679003,2.94454333317,101.303796667,1734609293.44
8.15265669674,2.94454306875,101.303797192,1734609293.5
8.14833709598,2.94454275682,101.303797723,1734609293.53
8.14212838002,2.94454245297,101.303798286,1734609293.57
8.14758141525,2.94454217279,101.303798846,1734609293.63
8.13847314101,2.94454183954,101.303799372,1734609293.69
8.13853007276,2.94454151364,101.303799869,1734609293.73
8.14311017655,2.94454122188,101.30380037,1734609293.79
8.14580305945,2.94454093594,101.303800898,1734609293.84
8.14456447121,2.94454063896,101.303801427,1734609293.91
8.15037143417,2.94454033258,101.303801981,1734609293.94
8.16183072142,2.94454003637,101.303802604,1734609293.98
8.15577857289,2.9445397035,101.303803249,1734609294.05
8.15308075957,2.94453936806,101.303803911,1734609294.08
8.15046752989,2.944539046,101.303804566,1734609294.13
8.1470358409,2.9445387387,101.303805164,1734609294.18
8.15136936679,2.94453846877,101.303805802,1734609294.23
8.14448304288,2.94453816318,101.303806372,1734609294.28
8.1456515789,2.94453786582,101.303806924,1734609294.34
8.15104501788,2.94453754956,101.303807512,1734609294.4
8.1463631494,2.94453716882,101.303808104,1734609294.43
8.15073885489,2.94453682578,101.303808752,1734609294.48
8.15257433616,2.94453648976,101.303809398,1734609294.55
8.14653054997,2.94453614177,101.303810032,1734609294.57
8.14364913758,2.94453578813,101.303810659,1734609294.63
8.14608168788,2.94453544632,101.303811284,1734609294.67
8.14613686781,2.94453509824,101.303811864,1734609294.75
8.14046158362,2.94453477231,101.303812461,1734609294.77
8.1443328457,2.94453445751,101.30381309,1734609294.83
8.14646718279,2.94453416361,101.303813712,1734609294.88
8.1503249919,2.9445338375,101.303814348,1734609294.94
8.1506254999,2.94453348134,101.303815004,1734609294.98
8.1452890262,2.94453310821,101.303815663,1734609295.06
8.1430031145,2.94453272728,101.303816311,1734609295.07
8.13526192401,2.94453230127,101.303816988,1734609295.12
8.12191880587,2.94453189495,101.303817645,1734609295.17
8.12565325573,2.94453154734,101.303818314,1734609295.23
8.1287667444,2.94453120012,101.303818924,1734609295.27
8.13516223524,2.94453087727,101.303819513,1734609295.33
8.14014982618,2.94453054219,101.303820061,1734609295.39
8.14652611688,2.94453017684,101.303820669,1734609295.43
8.15453511849,2.94452980468,101.303821341,1734609295.47
8.15892421361,2.94452946664,101.303822081,1734609295.55
8.16503467318,2.9445291366,101.303822859,1734609295.58
8.15900817886,2.94452879383,101.303823582,1734609295.63
8.15200101119,2.94452843333,101.303824285,1734609295.69
8.15364816878,2.94452806891,101.30382495,1734609295.74
8.15169872344,2.94452765129,101.303825601,1734609295.78
8.14967865311,2.94452723341,101.303826291,1734609295.84
8.15173242986,2.94452682326,101.30382695,1734609295.88
8.15554733202,2.94452644826,101.303827682,1734609295.93
8.15821634885,2.94452605001,101.303828435,1734609295.98
8.15878133569,2.94452564025,101.303829226,1734609296.05
8.16083543561,2.94452519603,101.303830001,1734609296.08
8.16148997284,2.944524741,101.303830795,1734609296.15
8.16250838898,2.94452427337,101.30383162,1734609296.18
8.16435709689,2.94452384712,101.303832454,1734609296.25
8.17648376338,2.94452345142,101.303833239,1734609296.28
8.18386986293,2.94452303483,101.303834018,1734609296.34
8.17816699948,2.94452258558,101.3038349,1734609296.37
8.18579866178,2.94452210944,101.303835887,1734609296.43
8.1817376269,2.94452156076,101.303836888,1734609296.48
8.17699407041,2.9445210158,101.303837875,1734609296.55
8.1760742534,2.94452045354,101.303838814,1734609296.57
8.16923571751,2.94451991488,101.303839695,1734609296.64
8.17157729808,2.94451942344,101.303840528,1734609296.68
8.17037594505,2.9445189651,101.303841329,1734609296.73
8.16610782966,2.94451853825,101.303842151,1734609296.78
8.16100887954,2.94451802626,101.303843052,1734609296.83
8.1631806232,2.94451748848,101.303844011,1734609296.88
8.16133314278,2.9445169419,101.303844954,1734609296.93
8.15843771584,2.94451640558,101.30384586,1734609296.98
8.1514824992,2.94451542997,101.303847727,1734609297.1
8.15232048556,2.9445149642,101.30384863,1734609297.14
8.14753115363,2.94451453772,101.303849555,1734609297.18
8.14108858723,2.94451404138,101.303850443,1734609297.23
8.14108970109,2.94451349947,101.303851251,1734609297.31
8.1417145608,2.9445129822,101.303852033,1734609297.34
8.14253846183,2.94451253001,101.303852858,1734609297.39
8.14012727048,2.94451212776,101.30385372,1734609297.44
8.14284700248,2.94451170936,101.303854643,1734609297.48
8.14791518077,2.94451122407,101.303855537,1734609297.54
8.14196283929,2.94451068197,101.303856373,1734609297.57
8.13750335295,2.94451019401,101.303857262,1734609297.63
8.13923117053,2.94450974979,101.303858165,1734609297.69
8.15059328638,2.94450933367,101.303858989,1734609297.73
8.15871424228,2.94450892981,101.303859807,1734609297.78
8.15999097191,2.94450849683,101.303860654,1734609297.83
8.15633388981,2.94450798748,101.303861521,1734609297.87
8.1585116582,2.94450751146,101.303862337,1734609297.93
8.15735976677,2.94450703211,101.303863196,1734609297.97
8.15822768677,2.94450657022,101.303864105,1734609298.05
8.15482312068,2.9445061246,101.303865032,1734609298.07
8.15615910199,2.94450570836,101.303865917,1734609298.12
8.15984115843,2.94450531055,101.303866758,1734609298.17
8.1580161145,2.94450489383,101.303867622,1734609298.25
8.16504273843,2.94450449252,101.303868409,1734609298.28
8.17517490964,2.94450411703,101.303869236,1734609298.32
8.17900304589,2.94450368981,101.303870151,1734609298.37
8.16661488451,2.9445031983,101.303871115,1734609298.42
8.16950601432,2.94450266991,101.30387206,1734609298.49
8.16750772018,2.94450210214,101.303872917,1734609298.56
8.16876128688,2.94450149754,101.303873651,1734609298.58
8.16730931494,2.94450092561,101.303874436,1734609298.63
8.16287836432,2.94450040503,101.303875248,1734609298.68
8.16356687527,2.9444998941,101.303876071,1734609298.73
8.1701595597,2.94449943196,101.303876925,1734609298.79
8.17390140705,2.94449903578,101.303877849,1734609298.84
8.17026697006,2.94449859383,101.303878813,1734609298.88
8.17324984353,2.9444981701,101.303879759,1734609298.93
8.17233858537,2.94449775729,101.303880712,1734609298.98
8.17221590318,2.94449728742,101.30388167,1734609299.07
8.16980243754,2.94449683781,101.303882612,1734609299.08
8.17591646966,2.94449637152,101.303883496,1734609299.13
8.16698794719,2.94449590183,101.303884375,1734609299.19
8.1733466126,2.94449542274,101.303885269,1734609299.23
8.17336162273,2.94449488954,101.303886151,1734609299.28
8.17707148567,2.94449435984,101.303887035,1734609299.34
8.17471007165,2.94449383701,101.303887878,1734609299.38
8.17345423717,2.94449335834,101.30388877,1734609299.43
8.17105248384,2.94449291712,101.303889705,1734609299.48
8.175309496,2.94449250943,101.303890636,1734609299.54
8.17934403103,2.94449209894,101.303891561,1734609299.58
8.17234298773,2.9444917028,101.303892571,1734609299.63
8.17315811664,2.94449138869,101.30389359,1734609299.68
8.17664738465,2.94449100421,101.303894485,1734609299.73
8.18128283694,2.94449055688,101.30389532,1734609299.78
8.17854065076,2.94449002372,101.303896161,1734609299.83
8.17788619176,2.94448940049,101.303896947,1734609299.87
8.18164672889,2.94448880047,101.303897773,1734609299.94
8.18262790795,2.94448821165,101.303898624,1734609299.98
8.17512958031,2.94448758362,101.303899532,1734609300.06
8.17134417593,2.94448703078,101.303900504,1734609300.08
8.17037391383,2.94448649185,101.30390137,1734609300.13
8.16637174785,2.94448597591,101.30390212,1734609300.17
8.16279111523,2.94448560764,101.30390288,1734609300.23
8.15257929265,2.94448532507,101.303903503,1734609300.27
8.15641756542,2.9444851505,101.303903954,1734609300.36
8.16502364352,2.94448509227,101.303904271,1734609300.38
8.16795368586,2.94448503351,101.30390456,1734609300.43
8.16896638554,2.9444849349,101.303904825,1734609300.47
8.16986625269,2.9444848265,101.303905,1734609300.54
8.17476498056,2.94448471741,101.303905128,1734609300.57
8.17176786251,2.9444846381,101.303905188,1734609300.63
8.16853158455,2.94448464299,101.303905132,1734609300.67
8.16856641322,2.94448472905,101.303904915,1734609300.72
8.17556970008,2.94448488117,101.30390463,1734609300.77
8.17856315989,2.94448503951,101.303904386,1734609300.85
8.18122909591,2.94448514218,101.303904229,1734609300.9
8.1807618998,2.94448516945,101.303904206,1734609300.94
8.1787439594,2.944485124,101.303904334,1734609300.98
8.17232630216,2.94448503984,101.303904492,1734609301.05
8.17216547206,2.94448497131,101.303904579,1734609301.08
8.17404114176,2.94448494748,101.303904617,1734609301.13
8.17225162033,2.94448494746,101.30390463,1734609301.18
8.17653837893,2.94448497549,101.303904648,1734609301.25
8.17874810565,2.94448500228,101.303904612,1734609301.29
8.17652955092,2.94448499648,101.303904517,1734609301.36
8.17787680589,2.94448498248,101.303904451,1734609301.38
8.1808093898,2.94448497123,101.303904429,1734609301.44
8.17939241882,2.94448497201,101.303904445,1734609301.49
8.17653194815,2.94448498902,101.303904498,1734609301.54
8.17522282433,2.94448499484,101.30390457,1734609301.59
8.16960721277,2.94448498306,101.303904575,1734609301.63
8.17304200493,2.94448498617,101.303904542,1734609301.67
8.17212050129,2.94448499469,101.303904547,1734609301.73
8.17198395263,2.94448499236,101.303904517,1734609301.77
8.17396387178,2.94448500529,101.303904506,1734609301.83
8.17304285243,2.94448500759,101.303904493,1734609301.87
8.17306522932,2.94448498856,101.303904485,1734609301.93
8.1723793773,2.94448495318,101.303904489,1734609301.98
8.16886990611,2.94448492403,101.303904501,1734609302.05
8.16934214719,2.94448492842,101.303904545,1734609302.07
8.16588726453,2.9444849387,101.303904568,1734609302.13
8.16748479009,2.94448497345,101.303904542,1734609302.17
8.1694536712,2.94448499012,101.303904511,1734609302.22
8.17080540676,2.94448500531,101.303904492,1734609302.27
8.17144647334,2.94448500473,101.303904495,1734609302.32
8.17304762173,2.94448499912,101.303904496,1734609302.38
8.1700777635,2.9444849834,101.303904507,1734609302.42
8.16844498087,2.94448497187,101.303904524,1734609302.49
8.16789352428,2.94448494846,101.303904516,1734609302.53
8.16733357217,2.94448493971,101.303904518,1734609302.58
8.1679000631,2.94448494986,101.30390453,1734609302.63
8.17009478249,2.94448496174,101.30390453,1734609302.7
8.17844056059,2.94448498691,101.303904512,1734609302.73
8.17805089988,2.94448500351,101.303904508,1734609302.78
8.1779145645,2.94448500599,101.303904509,1734609302.83
8.17795071006,2.94448500238,101.30390452,1734609302.88
8.17888902966,2.94448500505,101.303904533,1734609302.93
8.1762999082,2.94448498404,101.303904525,1734609302.98
8.17199177481,2.94448498172,101.303904531,1734609303.05
8.17050368991,2.94448496963,101.303904536,1734609303.08
8.17585316394,2.94448497621,101.303904523,1734609303.14
8.17492428701,2.94448497051,101.303904516,1734609303.18
8.17808710411,2.94448497368,101.303904507,1734609303.23
8.17493890692,2.94448498271,101.303904496,1734609303.28
8.17588077858,2.94448499632,101.303904517,1734609303.32
8.1753410222,2.94448500107,101.30390452,1734609303.38
8.17345539108,2.94448500024,101.303904522,1734609303.43
8.17501070816,2.94448500794,101.303904524,1734609303.48
8.1752865864,2.94448499951,101.303904517,1734609303.53
8.17396219075,2.94448498795,101.303904514,1734609303.57
8.17593298201,2.9444849883,101.303904511,1734609303.63
8.17578818183,2.94448498993,101.303904504,1734609303.68
8.17672865186,2.9444849943,101.303904502,1734609303.72
8.17356887553,2.94448498643,101.303904505,1734609303.77
8.17811699212,2.94448498908,101.303904503,1734609303.83
8.17653069645,2.94448499252,101.303904506,1734609303.88
8.17438770924,2.9444849892,101.303904517,1734609303.93
8.17298615072,2.94448499816,101.30390452,1734609304.03
8.17584176268,2.94448501216,101.303904517,1734609304.15
8.18227390107,2.94448500719,101.303904509,1734609304.15
8.18352834228,2.94448499704,101.303904492,1734609304.31
8.18202109262,2.94448498704,101.303904501,1734609304.34
8.17933533248,2.9444849807,101.303904511,1734609304.37
8.18114550598,2.94448498624,101.303904522,1734609304.44
8.17996414937,2.94448498425,101.303904522,1734609304.48
8.18017771281,2.9444849834,101.303904509,1734609304.55
8.18098922633,2.94448498752,101.30390451,1734609304.58
8.18077974394,2.94448499404,101.303904509,1734609304.68
8.18367303442,2.94448498848,101.303904505,1734609304.74
8.18162334245,2.94448499227,101.303904507,1734609304.78
8.1802053852,2.94448497982,101.30390451,1734609304.83
8.18055681232,2.94448497668,101.303904512,1734609304.88
8.17669661902,2.94448497587,101.303904506,1734609304.93
8.1765630655,2.94448498091,101.303904504,1734609304.98
8.17635414004,2.94448498372,101.303904508,1734609305.06
8.17764518689,2.94448498387,101.303904517,1734609305.08
8.17809586599,2.94448498632,101.303904509,1734609305.13
8.17773239128,2.94448499195,101.303904506,1734609305.18
8.17864572629,2.94448498373,101.303904509,1734609305.23
8.17401689384,2.94448498247,101.303904507,1734609305.27
8.17425117828,2.94448498328,101.303904512,1734609305.33
8.17631249968,2.94448497604,101.303904515,1734609305.38
8.17733598687,2.94448497433,101.303904509,1734609305.43
8.17713798117,2.94448497665,101.303904516,1734609305.47
8.17495579552,2.94448497758,101.303904513,1734609305.53
8.17749483138,2.94448498735,101.303904509,1734609305.57
8.1765049696,2.94448498142,101.303904497,1734609305.64
8.17488303687,2.94448498345,101.303904503,1734609305.71
8.17333866563,2.9444849789,101.303904504,1734609305.72
8.17444294039,2.94448498246,101.303904515,1734609305.77
8.17851974815,2.94448499205,101.303904525,1734609305.82
8.17515164148,2.94448498409,101.303904513,1734609305.87
8.17262876499,2.94448497358,101.303904502,1734609305.92
8.17691826262,2.94448498153,101.303904496,1734609305.98
8.17440132238,2.94448498049,101.303904509,1734609306.06
8.17457428388,2.94448498406,101.303904514,1734609306.09
8.17396424338,2.94448498269,101.303904507,1734609306.13
8.17119625304,2.94448498043,101.303904497,1734609306.18
8.17509279773,2.9444849818,101.303904501,1734609306.24
8.17664050031,2.94448498913,101.303904511,1734609306.28
8.17390101403,2.94448498297,101.303904514,1734609306.33
8.17536567431,2.94448498486,101.303904512,1734609306.38
8.1760360701,2.94448498794,101.303904511,1734609306.44
8.17445906997,2.9444849849,101.3039045,1734609306.48
8.1754963873,2.9444849781,101.303904504,1734609306.53
8.17280870583,2.94448497275,101.303904501,1734609306.61
8.17450386193,2.94448497172,101.303904509,1734609306.64
8.17722437438,2.9444849795,101.303904515,1734609306.68
8.17572626006,2.94448498048,101.303904508,1734609306.73
8.17568916362,2.94448498471,101.303904504,1734609306.78
8.17310514394,2.94448498377,101.303904508,1734609306.83
8.17303921189,2.94448498089,101.303904506,1734609306.88
8.17579366732,2.94448497878,101.303904501,1734609306.93
8.17615199182,2.94448498257,101.3039045,1734609306.97
8.17686960381,2.94448497986,101.303904506,1734609307.06
8.17604982294,2.94448498422,101.303904507,1734609307.08
8.17315253522,2.94448497412,101.303904507,1734609307.13
8.17535529286,2.94448497628,101.303904496,1734609307.18
8.17913221568,2.94448497999,101.303904504,1734609307.23
8.17700759973,2.9444849835,101.303904507,1734609307.27
8.17719536554,2.94448497956,101.30390451,1734609307.32
8.17862069048,2.94448498905,101.303904511,1734609307.37
8.17872471642,2.94448499123,101.303904505,1734609307.43
8.17696740478,2.94448498586,101.303904492,1734609307.47
8.17891997565,2.94448498205,101.303904502,1734609307.54
8.17757862341,2.94448497563,101.303904497,1734609307.57
8.17901912332,2.94448498204,101.303904495,1734609307.65
8.18148375303,2.94448498275,101.303904511,1734609307.68
8.17787356116,2.9444849666,101.303904524,1734609307.74
8.1791014364,2.94448497269,101.303904509,1734609307.78
8.18081895728,2.94448497625,101.3039045,1734609307.84
8.17970952205,2.94448497271,101.303904496,1734609307.88
8.17842352018,2.94448497681,101.303904493,1734609307.93
8.17912725266,2.94448497677,101.303904492,1734609307.98
8.1802890012,2.94448497149,101.303904496,1734609308.05
8.18095608708,2.94448497134,101.303904502,1734609308.08
8.17805791274,2.94448497331,101.303904501,1734609308.14
8.17930033896,2.94448497439,101.303904499,1734609308.18
8.18139201403,2.94448497619,101.303904499,1734609308.24
8.18063030764,2.94448496398,101.303904504,1734609308.29
8.17898301594,2.94448497078,101.303904504,1734609308.4
8.18095734343,2.94448497152,101.303904506,1734609308.45
8.17760188691,2.94448497127,101.303904499,1734609308.48
8.17450150289,2.94448496238,101.303904475,1734609308.54
8.17576959915,2.94448495953,101.303904473,1734609308.61
8.17534123268,2.94448496307,101.303904477,1734609308.63
8.17496514972,2.94448495916,101.303904473,1734609308.68
8.17590582278,2.94448497518,101.303904509,1734609308.73
8.17468290031,2.94448496685,101.303904507,1734609308.77
8.17382966727,2.94448497091,101.303904508,1734609308.83
8.17253680807,2.94448496994,101.3039045,1734609308.87
8.173345007,2.94448497075,101.303904498,1734609308.93
8.16966372542,2.94448497001,101.303904495,1734609308.97
8.17384922504,2.94448497577,101.303904509,1734609309.05
8.17536143307,2.94448497299,101.303904501,1734609309.08
8.17545510363,2.9444849716,101.303904506,1734609309.13
8.17243892141,2.9444849661,101.303904515,1734609309.17
8.17436184362,2.94448497128,101.303904501,1734609309.23
8.17391334474,2.94448497249,101.303904502,1734609309.27
8.17397474684,2.94448497312,101.303904502,1734609309.33
8.17576511763,2.94448497222,101.303904503,1734609309.37
8.17660847958,2.94448497547,101.303904511,1734609309.43
8.17948605027,2.94448498437,101.303904508,1734609309.47
8.17744533904,2.94448498746,101.303904512,1734609309.53
8.17708903924,2.94448498368,101.303904519,1734609309.57
8.17981715035,2.94448498734,101.30390451,1734609309.63
8.17762271129,2.94448498381,101.303904495,1734609309.67
8.17716902867,2.9444849848,101.303904502,1734609309.73
8.17762558628,2.94448498536,101.303904502,1734609309.78
8.1777283242,2.94448498166,101.30390451,1734609309.84
8.18066806812,2.94448498448,101.303904505,1734609309.88
8.17762154248,2.94448498444,101.303904505,1734609309.94
8.17643666826,2.94448498278,101.303904501,1734609309.99
8.17861293349,2.9444849931,101.303904504,1734609310.05
8.17842325754,2.94448498895,101.303904496,1734609310.09
8.18043829314,2.94448499436,101.303904514,1734609310.13
8.17818468343,2.9444849843,101.3039045,1734609310.18
8.17708837241,2.94448498483,101.303904511,1734609310.23
8.17546519823,2.94448499062,101.303904509,1734609310.32
8.17776247393,2.94448498313,101.303904511,1734609310.37
8.17754128017,2.94448498536,101.30390451,1734609310.43
8.17733019125,2.94448498132,101.303904502,1734609310.48
8.17539337184,2.94448498631,101.303904507,1734609310.54
8.17789115943,2.94448499239,101.303904507,1734609310.59
8.17475258466,2.94448498876,101.303904499,1734609310.63
8.17358013336,2.9444849808,101.3039045,1734609310.67
8.17617244646,2.94448499566,101.303904513,1734609310.72
8.17298712395,2.94448497909,101.303904502,1734609310.77
8.17583124992,2.94448498519,101.303904505,1734609310.85
8.17453823052,2.944484983,101.303904501,1734609310.87
8.17077208776,2.94448497956,101.303904498,1734609310.94
8.17254109029,2.94448498362,101.303904499,1734609310.98
8.17408252601,2.94448498132,101.303904493,1734609311.06
8.17730068043,2.94448498962,101.303904495,1734609311.07
8.17593161017,2.94448499272,101.303904501,1734609311.12
8.17508980818,2.94448498286,101.303904493,1734609311.17
8.17620482575,2.94448497966,101.303904485,1734609311.23
8.17695308942,2.94448497208,101.303904493,1734609311.28
8.18128146976,2.94448498224,101.303904523,1734609311.32
8.18490801752,2.94448497391,101.303904537,1734609311.37
8.18457099237,2.94448496414,101.303904542,1734609311.43
8.18010687176,2.9444849521,101.303904542,1734609311.48
8.18049447611,2.94448494777,101.303904538,1734609311.53
8.18072758336,2.94448498356,101.303904536,1734609311.64
8.18078190833,2.94448498673,101.303904528,1734609311.68
8.17891145125,2.94448499759,101.303904524,1734609311.75
8.18283927068,2.94448498972,101.30390451,1734609311.79
8.18069844227,2.94448497405,101.303904511,1734609311.84
8.18014090601,2.94448497244,101.303904501,1734609311.88
8.18033203483,2.9444849704,101.303904514,1734609311.95
8.18051701132,2.9444849691,101.303904516,1734609312.0
8.18035753909,2.94448496674,101.303904523,1734609312.08
8.18221192062,2.94448495807,101.303904534,1734609312.14
8.18042119034,2.94448495027,101.303904553,1734609312.18
8.18278647773,2.9444849486,101.303904576,1734609312.23
8.18171387911,2.94448493471,101.303904603,1734609312.28
8.18443713989,2.94448490922,101.303904661,1734609312.33
8.1844628416,2.94448486296,101.303904758,1734609312.37
8.18136214931,2.94448479806,101.303904897,1734609312.44
8.18282529432,2.9444846988,101.303905077,1734609312.48
8.18231826276,2.94448457519,101.303905284,1734609312.53
8.17822372448,2.94448442315,101.303905526,1734609312.58
8.18330483977,2.94448426423,101.303905802,1734609312.63
8.18803958315,2.94448408259,101.303906137,1734609312.67
8.1832281556,2.94448386686,101.303906522,1734609312.72
8.17563822307,2.94448362,101.30390692,1734609312.77
8.18064136431,2.94448338218,101.303907389,1734609312.82
8.17703830451,2.94448311753,101.303907836,1734609312.87
8.17334993929,2.94448285143,101.303908311,1734609312.93
8.17331191804,2.94448258182,101.303908813,1734609312.97
8.18455911614,2.9444823127,101.303909332,1734609313.04
8.17925528716,2.9444820209,101.303909847,1734609313.07
8.1807855377,2.94448172588,101.303910384,1734609313.14
8.19038934261,2.94448143883,101.303910937,1734609313.17
8.18361618649,2.94448112706,101.303911504,1734609313.25
8.18198196869,2.94448084879,101.303912053,1734609313.28
8.18582804967,2.94448058438,101.303912583,1734609313.32
8.1867464548,2.94448030402,101.303913092,1734609313.37
8.18599061947,2.94448001742,101.303913626,1734609313.44
8.18954457995,2.9444797412,101.303914155,1734609313.48
8.18878928944,2.94447944956,101.303914685,1734609313.53
8.18866779283,2.94447919979,101.303915236,1734609313.57
8.18898679689,2.94447891396,101.30391577,1734609313.64
8.18409015611,2.94447860091,101.303916289,1734609313.67
8.17712151818,2.94447827746,101.303916725,1734609313.73
8.18527617771,2.94447800329,101.30391717,1734609313.77
8.18218009081,2.94447774131,101.303917626,1734609313.83
8.18468961585,2.9444775021,101.303918099,1734609313.87
8.18595706951,2.94447727339,101.303918594,1734609313.95
8.18557134829,2.94447702162,101.303919096,1734609313.97
8.18967348337,2.94447673423,101.303919573,1734609314.05
8.18714457378,2.94447644447,101.303920019,1734609314.08
8.1894322671,2.94447616626,101.303920517,1734609314.13
8.18328073062,2.94447587184,101.303921057,1734609314.2
8.18330479041,2.94447560128,101.303921629,1734609314.23
8.19067616295,2.9444753239,101.303922231,1734609314.27
8.19061852898,2.94447499666,101.303922796,1734609314.35
8.18922543339,2.94447461965,101.303923373,1734609314.37
8.18458448257,2.94447425436,101.303923956,1734609314.43
8.18570152391,2.94447393422,101.303924537,1734609314.48
8.17887229566,2.94447363158,101.303925169,1734609314.55
8.17405830044,2.94447331477,101.303925775,1734609314.58
8.1789507512,2.94447300365,101.303926414,1734609314.63
8.18086557183,2.9444726565,101.303927033,1734609314.68
8.18555592652,2.94447228268,101.303927722,1734609314.73
8.18403835967,2.94447193414,101.303928441,1734609314.78
8.17832857743,2.9444715723,101.303929135,1734609314.83
8.18080845755,2.94447122219,101.303929831,1734609314.88
8.17757185735,2.9444708643,101.303930571,1734609314.93
8.17566644307,2.9444704468,101.303931257,1734609314.98
8.16786287352,2.94447001754,101.303931919,1734609315.06
8.17327149585,2.94446962123,101.303932582,1734609315.08
8.17264230549,2.94446926014,101.303933287,1734609315.13
8.17690132372,2.94446891109,101.303934026,1734609315.27
8.17132545263,2.94446853093,101.303934704,1734609315.28
8.17933963519,2.94446817439,101.303935407,1734609315.28
8.17883784417,2.94446781992,101.303936115,1734609315.34
8.17274439055,2.94446743734,101.303936828,1734609315.4
8.17216195818,2.9444671329,101.303937561,1734609315.44
8.17551172618,2.94446683631,101.303938323,1734609315.47
8.17735856492,2.94446649628,101.303939084,1734609315.53
8.18031622376,2.94446612198,101.303939872,1734609315.57
8.18042457569,2.9444656918,101.303940653,1734609315.62
8.17179060448,2.94446526275,101.303941467,1734609315.67
8.17608211655,2.94446484735,101.303942324,1734609315.73
8.17607206572,2.94446444436,101.303943205,1734609315.77
8.1807979336,2.94446403383,101.30394405,1734609315.82
8.17973516602,2.94446358343,101.303944937,1734609315.87
8.1911080787,2.94446311403,101.303945883,1734609315.92
8.19175056554,2.94446267338,101.303946859,1734609316.0
8.18516972475,2.94446222965,101.303947809,1734609316.06
8.18790473323,2.94446180817,101.303948754,1734609316.07
8.18913454097,2.94446141,101.303949662,1734609316.14
8.18605837971,2.9444610052,101.303950537,1734609316.18
8.18847761862,2.94446060269,101.303951432,1734609316.26
8.1904768683,2.9444602062,101.303952369,1734609316.28
8.1936900001,2.94445981269,101.30395329,1734609316.33
8.19612787943,2.94445940045,101.303954198,1734609316.38
8.19440014381,2.94445894401,101.303955112,1734609316.44
8.19341292791,2.94445850296,101.303956035,1734609316.47
8.19497254491,2.94445807659,101.303956933,1734609316.53
8.19604535867,2.94445769187,101.30395783,1734609316.57
8.19218560774,2.94445732367,101.303958723,1734609316.63
8.19421297777,2.94445697784,101.303959608,1734609316.69
8.19044206571,2.94445664123,101.303960584,1734609316.72
8.18908233568,2.9444562774,101.303961486,1734609316.77
8.19305846654,2.94445593218,101.303962426,1734609316.82
8.19363932591,2.9444555918,101.303963312,1734609316.87
8.19257413968,2.94445526408,101.30396422,1734609316.92
8.19215711113,2.94445494944,101.303965131,1734609316.97
8.19743791409,2.94445464311,101.303966058,1734609317.06
8.19368200563,2.94445432149,101.303966985,1734609317.08
8.18897487782,2.94445399195,101.303967916,1734609317.13
8.18780647032,2.94445364255,101.303968817,1734609317.18
8.19096269831,2.94445328465,101.303969694,1734609317.26
8.19793338701,2.94445296766,101.303970598,1734609317.28
8.19479452539,2.94445267393,101.303971519,1734609317.34
8.19637749158,2.94445242868,101.303972503,1734609317.38
8.19191029295,2.94445215702,101.30397352,1734609317.43
8.18348708283,2.94445186191,101.303974538,1734609317.48
8.18036179245,2.94445156826,101.303975543,1734609317.54
8.19120368268,2.94445127297,101.303976477,1734609317.58
8.19015257526,2.94445096572,101.303977388,1734609317.63
8.19563489314,2.9444507075,101.303978343,1734609317.68
8.19309749734,2.94445045221,101.30397935,1734609317.72
8.19564041868,2.94445019715,101.303980397,1734609317.78
8.18907745834,2.94444990107,101.303981373,1734609317.83
8.19108399376,2.94444962771,101.303982376,1734609317.87
8.19241266139,2.94444939365,101.303983384,1734609317.92
8.1901982706,2.94444921918,101.303984417,1734609317.99
8.19011999015,2.94444906117,101.303985433,1734609318.06
8.193943616,2.94444894093,101.303986446,1734609318.09
8.19082788099,2.94444884047,101.303987468,1734609318.13
8.1967792334,2.94444873525,101.303988476,1734609318.18
8.2020543078,2.94444860828,101.303989438,1734609318.28
8.20397069585,2.94444850002,101.303990448,1734609318.29
8.20029537007,2.94444835116,101.303991539,1734609318.32
8.19649857655,2.94444816003,101.303992585,1734609318.37
8.19166479353,2.94444802052,101.303993606,1734609318.43
8.19780188426,2.9444479291,101.303994614,1734609318.47
8.19986667298,2.94444790572,101.303995635,1734609318.53
8.19684338197,2.94444793952,101.303996683,1734609318.58
8.20287331007,2.94444797979,101.303997729,1734609318.64
8.19921275508,2.94444801199,101.303998756,1734609318.67
8.20635021478,2.94444800914,101.303999786,1734609318.73
8.20784343127,2.94444799639,101.304000811,1734609318.77
8.20525544975,2.94444807337,101.304001868,1734609318.83
8.20294953231,2.94444821634,101.304002956,1734609318.87
8.2001931835,2.9444483674,101.304003989,1734609318.95
8.20034376346,2.94444851046,101.30400502,1734609318.99
8.20294215996,2.94444858217,101.304006059,1734609319.07
8.20115195494,2.94444860913,101.304007109,1734609319.08
8.20005443972,2.94444868563,101.304008176,1734609319.13
8.19979841448,2.94444879304,101.304009255,1734609319.18
8.19621286169,2.94444897029,101.304010357,1734609319.26
8.1915083956,2.9444492019,101.30401143,1734609319.28
8.1888023708,2.94444940445,101.304012484,1734609319.33
8.18940420635,2.94444965633,101.304013559,1734609319.39
8.18118268717,2.9444499217,101.30401465,1734609319.43
8.18507246301,2.94445023581,101.304015739,1734609319.48
8.18128802162,2.94445059535,101.3040168,1734609319.54
8.19011762645,2.94445095904,101.304017878,1734609319.58
8.189656551,2.94445134523,101.304018936,1734609319.63
8.18941230141,2.94445167698,101.304019982,1734609319.67
8.18502984568,2.94445203468,101.304021083,1734609319.72
8.18807746377,2.94445247788,101.304022185,1734609319.78
8.18248766381,2.94445290067,101.304023245,1734609319.84
8.18585262634,2.94445338175,101.304024272,1734609319.88
8.18506450113,2.94445383962,101.304025268,1734609319.93
8.19082604349,2.94445426433,101.304026259,1734609319.97
8.1890382031,2.94445466314,101.30402724,1734609320.05
8.19538474828,2.94445515017,101.304028245,1734609320.09
8.18807783816,2.94445567679,101.304029284,1734609320.15
8.18468759488,2.94445630657,101.3040303,1734609320.17
8.18297583424,2.94445693106,101.30403131,1734609320.23
8.18094746303,2.94445750373,101.304032274,1734609320.3
8.18730157707,2.94445810812,101.304033179,1734609320.33
8.19338081032,2.94445874553,101.304034078,1734609320.39
8.19417570066,2.94445940365,101.304034965,1734609320.43
8.20471508242,2.944460061,101.304035851,1734609320.51
8.21393635403,2.94446070906,101.304036774,1734609320.53
8.2104942482,2.9444613516,101.304037684,1734609320.57
8.21382534411,2.9444619964,101.304038637,1734609320.63
8.21400314663,2.94446263829,101.304039564,1734609320.69
8.20964055602,2.94446335544,101.304040472,1734609320.72
8.21198204998,2.94446410228,101.304041357,1734609320.77
8.20973216835,2.94446486891,101.304042202,1734609320.84
8.20640606992,2.94446563167,101.304043023,1734609320.88
8.21470300481,2.94446643662,101.304043824,1734609320.93
8.2167402301,2.94446725447,101.304044635,1734609320.98
8.21501159668,2.94446806342,101.304045429,1734609321.07
8.22166725341,2.94446890024,101.304046251,1734609321.08
8.21698829997,2.94446978293,101.304047041,1734609321.15
8.21813871898,2.94447072423,101.304047821,1734609321.26
8.21908307169,2.94447163515,101.304048586,1734609321.27
8.21853611059,2.94447251876,101.304049322,1734609321.31
8.22596041206,2.94447337409,101.304050065,1734609321.35
8.21392597537,2.94447422244,101.304050822,1734609321.38
8.21840486489,2.94447508048,101.304051555,1734609321.43
8.2203349676,2.94447592482,101.304052307,1734609321.49
8.21724719647,2.9444768283,101.30405303,1734609321.54
8.2224226743,2.94447781308,101.304053743,1734609321.58
8.22136047203,2.94447881747,101.304054455,1734609321.63
8.21988551784,2.94447982535,101.3040551,1734609321.68
8.2261769902,2.94448082811,101.304055751,1734609321.73
8.22716418374,2.94448179002,101.30405638,1734609321.78
8.23027428612,2.94448270871,101.304057014,1734609321.83
8.22956344206,2.94448361979,101.30405766,1734609321.88
8.23164771218,2.94448459156,101.304058283,1734609321.92
8.22823918518,2.94448562206,101.304058903,1734609321.98
8.23273501638,2.94448671375,101.304059506,1734609322.07
8.22897743806,2.94448782388,101.304060071,1734609322.07
8.2301787734,2.94448885115,101.304060657,1734609322.29
8.23296957742,2.94449191299,101.304062318,1734609322.29
8.2254569754,2.94449296737,101.304062812,1734609322.32
8.22985309549,2.94449405404,101.304063358,1734609322.37
8.22878537048,2.94449510888,101.304063908,1734609322.42
8.23280467559,2.94449612932,101.304064504,1734609322.47
8.23640715145,2.94449716737,101.304065027,1734609322.54
8.23736661207,2.94449818771,101.30406554,1734609322.58
8.23797855154,2.94449923612,101.304066054,1734609322.62
8.24224084057,2.94450026797,101.30406659,1734609322.67
8.24361575209,2.94450127242,101.304067136,1734609322.74
8.24082703516,2.94450226169,101.304067684,1734609322.78
8.24415222928,2.94450323306,101.304068283,1734609322.83
8.24365953356,2.94450422598,101.304068798,1734609322.88
8.23824182432,2.94450524218,101.304069305,1734609322.94
8.24863517936,2.94450631647,101.304069826,1734609322.98
8.23874338996,2.94450737091,101.304070302,1734609323.06
8.24539051391,2.94450840402,101.304070786,1734609323.08
8.24972168077,2.944509383,101.304071257,1734609323.15
8.24737477396,2.94451036476,101.304071707,1734609323.18
8.24949351698,2.94451137809,101.304072145,1734609323.24
8.24033767264,2.94451238287,101.304072507,1734609323.28
8.25015152432,2.94451335479,101.304072925,1734609323.33
8.25015722029,2.94451421643,101.30407332,1734609323.38
8.24217988458,2.94451499552,101.304073626,1734609323.44
8.24213588797,2.94451569723,101.304073907,1734609323.48
8.26056854334,2.94451627731,101.304074064,1734609323.54
8.25481205527,2.94451683496,101.304074206,1734609323.58
8.25768557098,2.94451739316,101.304074376,1734609323.64
8.25191748422,2.9445179085,101.304074511,1734609323.68
8.25775465183,2.94451844149,101.304074673,1734609323.73
8.25568076409,2.94451893494,101.304074841,1734609323.77
8.26466726232,2.94451945198,101.304075,1734609323.83
8.26479355618,2.94451989916,101.304075167,1734609323.87
8.26371287741,2.94452037314,101.304075357,1734609323.93
8.26158457156,2.94452088227,101.304075577,1734609323.97
8.26562932599,2.94452145419,101.304075817,1734609324.05
8.25192059949,2.94452201932,101.304075999,1734609324.07
8.25335775502,2.94452265901,101.304076179,1734609324.13
8.25236069039,2.94452327935,101.304076346,1734609324.17
8.24621586222,2.94452387888,101.304076467,1734609324.23
8.25660374761,2.94452445466,101.304076569,1734609324.28
8.25842039939,2.9445250281,101.304076678,1734609324.35
8.25978427287,2.94452559046,101.304076803,1734609324.38
8.26285486761,2.9445261685,101.304076938,1734609324.43
8.25017585326,2.94452679039,101.304077134,1734609324.47
8.2523588473,2.94452736239,101.304077316,1734609324.53
8.25237886142,2.94452791688,101.304077534,1734609324.57
8.24622067716,2.94452845422,101.304077712,1734609324.63
8.24505359959,2.94452899448,101.304077828,1734609324.67
8.24145666137,2.94452957429,101.304077941,1734609324.72
8.24388215877,2.94453018284,101.304078059,1734609324.78
8.23899879772,2.94453082159,101.304078168,1734609324.85
8.24175978918,2.94453145818,101.30407825,1734609324.88
8.24478981365,2.94453210263,101.304078332,1734609324.93
8.24453825038,2.94453272677,101.304078416,1734609324.98
8.24878804479,2.94453332167,101.304078418,1734609325.05
8.24452539068,2.94453387177,101.304078467,1734609325.08
8.24119376298,2.94453444764,101.304078554,1734609325.13
8.24456130527,2.94453500817,101.304078642,1734609325.18
8.25017591286,2.94453552916,101.304078752,1734609325.23
8.24445056729,2.94453604212,101.304078878,1734609325.28
8.25200759247,2.94453656436,101.304079043,1734609325.34
8.25026207604,2.9445370926,101.304079196,1734609325.39
8.24320516083,2.9445376401,101.304079313,1734609325.43
8.23540596291,2.94453816826,101.304079402,1734609325.48
8.2416290259,2.94453868426,101.304079486,1734609325.54
8.25591237377,2.94453921797,101.30407961,1734609325.58
8.25431491714,2.94453968935,101.304079656,1734609325.64
8.24852381554,2.944540141,101.304079681,1734609325.67
8.25355473347,2.94454063006,101.304079776,1734609325.74
8.25346122496,2.94454114242,101.304079869,1734609325.78
8.25435626879,2.94454160911,101.304079936,1734609325.83
8.26723042596,2.94454209753,101.304080045,1734609325.87
8.26454616897,2.94454254861,101.30408015,1734609325.93
8.25996947289,2.94454297602,101.304080276,1734609325.97
8.26294243801,2.94454341371,101.304080433,1734609326.05
8.25202743988,2.94454384208,101.304080568,1734609326.07
8.24195588566,2.94454426314,101.304080668,1734609326.12
8.25382404961,2.94454475884,101.304080773,1734609326.19
8.26022942737,2.94454518854,101.30408087,1734609326.23
8.25129716285,2.94454561985,101.30408097,1734609326.27
8.25346804596,2.94454605433,101.304081096,1734609326.33
8.24731944688,2.94454646571,101.304081193,1734609326.38
8.25600536913,2.94454690121,101.304081283,1734609326.43
8.25300024915,2.94454728715,101.304081385,1734609326.5
8.24891531374,2.94454768224,101.304081492,1734609326.54
8.24377806671,2.94454810923,101.304081614,1734609326.59
8.23929377459,2.94454847024,101.304081722,1734609326.63
8.24928907491,2.94454890956,101.304081842,1734609326.68
8.24542195816,2.94454930052,101.304081938,1734609326.73
8.24318464566,2.94454969169,101.304082064,1734609326.78
8.25182712823,2.94455011306,101.304082219,1734609326.83
8.25259381812,2.9445504974,101.304082333,1734609326.88
8.24382740073,2.94455086529,101.304082412,1734609326.93
8.24291061237,2.94455126812,101.304082527,1734609326.98
8.24501697253,2.94455166338,101.304082657,1734609327.07
8.24832958449,2.94455202936,101.304082739,1734609327.08
8.24569627456,2.94455240053,101.304082845,1734609327.13
8.24725756608,2.94455280377,101.304082949,1734609327.17
8.24782093801,2.9445532005,101.304083061,1734609327.23
8.24364144728,2.94455356904,101.304083175,1734609327.27
8.2487383727,2.94455396347,101.304083289,1734609327.32
8.24617684167,2.9445543508,101.304083393,1734609327.37
8.24236648157,2.94455468977,101.304083489,1734609327.44
8.24184239097,2.9445550719,101.304083644,1734609327.47
8.24576818198,2.94455544028,101.304083811,1734609327.55
8.24180429522,2.94455581991,101.304083923,1734609327.58
8.25840797275,2.94455623797,101.304084035,1734609327.65
8.24943790864,2.94455661548,101.304084154,1734609327.68
8.24518761691,2.94455699485,101.304084275,1734609327.74
8.2504426362,2.94455740211,101.304084423,1734609327.77
8.2429888295,2.94455776926,101.304084585,1734609327.82
8.24282496143,2.94455816985,101.304084762,1734609327.87
8.2406266937,2.94455855229,101.304084852,1734609327.92
8.24756236095,2.94455896348,101.304084927,1734609327.97
8.24979580939,2.94455933407,101.304085015,1734609328.04
8.25458163861,2.94455973881,101.304085125,1734609328.07
8.25731882453,2.94456015832,101.304085271,1734609328.13
8.25659977738,2.94456054496,101.304085389,1734609328.18
8.25963031314,2.94456095534,101.304085492,1734609328.23
8.25602891855,2.94456133646,101.304085579,1734609328.28
8.25740399305,2.94456173611,101.304085666,1734609328.33
8.25503354613,2.94456211397,101.304085762,1734609328.38
8.2564243488,2.94456246138,101.304085876,1734609328.46
8.26399465092,2.94456286097,101.30408602,1734609328.48
8.26390004251,2.94456325587,101.304086146,1734609328.53
8.2526095733,2.94456361944,101.304086261,1734609328.58
8.25444559008,2.94456400836,101.30408636,1734609328.65
8.26138097234,2.94456440357,101.304086441,1734609328.68
8.25771829765,2.94456478584,101.304086575,1734609328.73
8.25609792117,2.94456519641,101.304086738,1734609328.78
8.25952550024,2.94456555356,101.304086863,1734609328.83
8.26837424561,2.9445659385,101.304086987,1734609328.88
8.26298767794,2.94456631074,101.304087091,1734609328.94
8.25607768912,2.94456679098,101.304087227,1734609328.97
8.26238459349,2.94456719104,101.304087357,1734609329.05
8.25584780611,2.94456757728,101.304087491,1734609329.07
8.25360867381,2.94456798312,101.30408763,1734609329.12
8.24896176253,2.94456838192,101.304087753,1734609329.17
8.24193430692,2.94456873592,101.304087897,1734609329.23
8.25141218491,2.94456916573,101.304088048,1734609329.27
8.25621247198,2.94456956314,101.304088165,1734609329.33
8.25757644139,2.94456993688,101.304088281,1734609329.38
8.25148486067,2.94457033583,101.304088375,1734609329.45
8.2445845278,2.94457072019,101.304088423,1734609329.47
8.25776214618,2.944571145,101.30408856,1734609329.53
8.26837092359,2.94457154793,101.304088712,1734609329.59
8.25754685141,2.94457191931,101.304088806,1734609329.63
8.24703922402,2.94457235426,101.304088894,1734609329.68
8.24532076903,2.94457274199,101.304089005,1734609329.73
8.24843041599,2.94457320743,101.304089184,1734609329.77
8.24846536852,2.9445736031,101.304089339,1734609329.82
8.24853297509,2.94457401143,101.304089446,1734609329.87
8.24427952431,2.94457442701,101.304089584,1734609329.94
8.2517192401,2.94457485627,101.304089725,1734609329.98
8.24547993485,2.94457526973,101.304089818,1734609330.05
8.23985074647,2.94457564903,101.304089889,1734609330.08
8.25358840264,2.94457607778,101.304090012,1734609330.14
8.25426237471,2.94457651444,101.30409015,1734609330.18
8.24455918651,2.9445769497,101.304090251,1734609330.24
8.23810074944,2.94457738328,101.304090342,1734609330.28
8.23315143585,2.94457778345,101.304090439,1734609330.33
8.23849342484,2.94457825815,101.304090589,1734609330.38
8.2390529979,2.94457864916,101.304090718,1734609330.43
8.23934021778,2.94457907453,101.304090875,1734609330.47
8.23039515782,2.94457946938,101.304091021,1734609330.53
8.2253135182,2.94457988902,101.304091168,1734609330.57
8.22197454888,2.94458031641,101.304091299,1734609330.63
8.21857159585,2.9445807155,101.304091435,1734609330.68
8.22252634261,2.94458116664,101.304091574,1734609330.73
8.23320554476,2.94458157595,101.304091692,1734609330.78
8.2298633391,2.94458197852,101.304091805,1734609330.83
8.23045237921,2.94458240876,101.304091944,1734609330.88
8.2273670854,2.94458279603,101.30409207,1734609330.93
8.22363047209,2.94458322407,101.304092207,1734609330.97
8.22530276142,2.94458368071,101.304092355,1734609331.05
8.2186275553,2.94458408963,101.304092459,1734609331.07
8.21622906905,2.94458449169,101.304092615,1734609331.13
8.22134838905,2.94458490208,101.304092788,1734609331.17
8.2305764826,2.94458532631,101.304092946,1734609331.23
8.22006655391,2.94458573841,101.304093084,1734609331.27
8.20306249615,2.94458614423,101.304093212,1734609331.32
8.21562007256,2.94458663798,101.304093375,1734609331.38
8.21628618706,2.94458706193,101.304093526,1734609331.42
8.2117999699,2.94458746109,101.304093661,1734609331.47
8.22122440021,2.94458790963,101.304093829,1734609331.53
8.23443828803,2.94458836499,101.304093972,1734609331.58
8.2247141134,2.94458877905,101.304094065,1734609331.63
8.20993724745,2.94458922517,101.304094163,1734609331.68
8.2166602537,2.94458963346,101.304094321,1734609331.73
8.22431608755,2.94459010537,101.304094529,1734609331.78
8.22238583211,2.9445905543,101.30409472,1734609331.85
8.22572460957,2.94459096445,101.304094876,1734609331.89
8.22137112543,2.94459138995,101.304095041,1734609331.93
8.23046863824,2.94459181683,101.304095247,1734609331.99
8.22823184822,2.94459223067,101.304095488,1734609332.07
8.22749084327,2.94459264047,101.304095636,1734609332.09
8.22064393293,2.94459301194,101.304095749,1734609332.16
8.21387319081,2.94459346409,101.304095941,1734609332.17
8.23446818162,2.94459391348,101.304096121,1734609332.23
8.24559004325,2.94459433448,101.304096297,1734609332.27
8.23624377139,2.94459477842,101.304096475,1734609332.33
8.23337667715,2.94459521629,101.304096643,1734609332.38
8.24193656072,2.94459568145,101.304096811,1734609332.47
8.23430022225,2.94459609459,101.304096967,1734609332.48
8.22213595826,2.94459646886,101.304097163,1734609332.54
8.22518606484,2.94459689928,101.304097396,1734609332.57
8.23331503291,2.94459734492,101.304097617,1734609332.65
8.23432993703,2.94459775526,101.304097792,1734609332.67
8.23067565262,2.94459831739,101.304097948,1734609332.72
8.22681611031,2.94459875552,101.304098153,1734609332.77
8.2180460263,2.94459921529,101.304098331,1734609332.84
8.21679958329,2.94459969531,101.304098511,1734609332.87
8.21791653521,2.94460011575,101.304098662,1734609332.96
8.20938214008,2.94460053824,101.304098823,1734609332.98
8.21630672738,2.94460099127,101.304099069,1734609333.05
8.21007763874,2.94460143395,101.304099299,1734609333.08
8.2195886923,2.94460187585,101.304099483,1734609333.13
8.22211010847,2.94460234949,101.304099667,1734609333.17
8.21683237702,2.94460280244,101.304099869,1734609333.22
8.20119622163,2.94460319125,101.304100063,1734609333.27
8.19859981444,2.94460373842,101.304100271,1734609333.34
8.21586415544,2.9446042128,101.304100518,1734609333.37
8.22164642066,2.94460471419,101.304100785,1734609333.45
8.21093746088,2.94460509166,101.304100969,1734609333.47
8.2069672998,2.94460557449,101.304101152,1734609333.56
8.19497252349,2.94460610072,101.304101357,1734609333.58
8.19509858079,2.9446065489,101.304101567,1734609333.66
8.19228640944,2.94460696552,101.304101712,1734609333.71
8.19203730114,2.94460749018,101.304101935,1734609333.77
8.19056895375,2.94460799755,101.304102147,1734609333.78
8.19071754999,2.94460848371,101.304102355,1734609333.84
8.21021326166,2.94460898959,101.304102578,1734609333.88
8.20023590419,2.94460948878,101.304102766,1734609333.94
8.19314293284,2.94460997704,101.304102994,1734609333.98
8.19484421238,2.94461043866,101.304103198,1734609334.05
8.20293809287,2.94461090883,101.304103461,1734609334.08
8.19873845112,2.94461134433,101.304103682,1734609334.16
8.20116269216,2.94461188144,101.304103875,1734609334.17
8.19516687933,2.94461241012,101.304104061,1734609334.25
8.1875111023,2.9446129084,101.304104298,1734609334.28
8.18841303512,2.94461331229,101.304104506,1734609334.33
8.19507960416,2.94461381579,101.304104689,1734609334.37
8.19994148519,2.9446143614,101.304104895,1734609334.43
8.19288592879,2.94461482409,101.304105087,1734609334.47
8.19620572962,2.94461524819,101.304105284,1734609334.53
8.18631402496,2.94461568175,101.304105472,1734609334.57
8.20253324322,2.94461622851,101.304105714,1734609334.63
8.20794924442,2.94461672583,101.304105938,1734609334.67
8.20581906009,2.94461718726,101.304106136,1734609334.73
8.19876906648,2.94461768659,101.304106351,1734609334.77
8.2028739322,2.9446181691,101.304106551,1734609334.83
8.19308914244,2.94461864367,101.304106748,1734609334.87
8.19245868828,2.94461913451,101.304106996,1734609334.94
8.19977969676,2.94461966844,101.304107252,1734609334.97
8.19921354949,2.94462006424,101.304107464,1734609335.05
8.20108853187,2.94462053975,101.304107665,1734609335.07
8.20321266074,2.94462095109,101.304107859,1734609335.12
8.20522305463,2.9446214473,101.304108093,1734609335.17
8.19749968033,2.94462201962,101.304108351,1734609335.23
8.20498189423,2.94462253453,101.304108665,1734609335.28
8.19290467538,2.94462300337,101.304108803,1734609335.32
8.19770441577,2.94462355168,101.30410899,1734609335.38
8.19507054519,2.94462402087,101.304109179,1734609335.43
8.19372155145,2.94462450464,101.304109397,1734609335.48
8.18973212875,2.94462509938,101.30410965,1734609335.54
8.19549272116,2.94462556803,101.304109865,1734609335.58
8.18395445775,2.9446261138,101.304110047,1734609335.63
8.18459911458,2.94462663473,101.304110305,1734609335.67
8.18575453013,2.94462728022,101.304110549,1734609335.72
8.18217138387,2.94462777553,101.30411079,1734609335.77
8.19041092135,2.9446282383,101.304111036,1734609335.83
8.18631346151,2.94462874057,101.304111299,1734609335.87
8.19206239749,2.94462924984,101.304111517,1734609335.92
8.19389435928,2.94462974473,101.304111754,1734609335.97
8.1958130179,2.94463022592,101.304112028,1734609336.06
8.1891841935,2.94463071128,101.304112272,1734609336.07
8.1837144345,2.94463135966,101.30411256,1734609336.13
8.19871522859,2.94463189685,101.304112812,1734609336.17
8.2082114378,2.94463236923,101.304113078,1734609336.22
8.1999907149,2.9446329298,101.304113235,1734609336.27
8.20254637953,2.94463346578,101.304113452,1734609336.32
8.21417710464,2.94463395076,101.304113766,1734609336.37
8.21294808667,2.9446344979,101.304114014,1734609336.42
8.21019417979,2.94463499031,101.304114191,1734609336.47
8.18985541724,2.94463552775,101.304114291,1734609336.53
8.21371033043,2.94463607285,101.304114678,1734609336.57
8.20363339875,2.94463656068,101.304114899,1734609336.62
8.19038224779,2.94463713879,101.304115123,1734609336.68
8.18600539211,2.94463763874,101.304115376,1734609336.72
8.20209592115,2.94463806729,101.304115633,1734609336.77
8.18841535319,2.94463854931,101.304115868,1734609336.83
8.190026653,2.94463916331,101.304116087,1734609336.91
8.18614712171,2.94463965739,101.304116209,1734609336.93
8.19802338909,2.9446401652,101.30411646,1734609336.98
8.18297227379,2.94464068774,101.304116647,1734609337.07
8.17867243756,2.9446412955,101.304116893,1734609337.08
8.16295695212,2.94464186724,101.304117123,1734609337.14
8.15910550207,2.94464229103,101.304117388,1734609337.18
8.15594668314,2.94464260267,101.304117577,1734609337.23
8.15806557983,2.94464280733,101.304117676,1734609337.28
8.1565853972,2.94464293329,101.304117717,1734609337.33
8.16143528558,2.94464298666,101.304117734,1734609337.38
8.16449214611,2.94464297883,101.304117748,1734609337.43
8.16697821487,2.94464295949,101.304117758,1734609337.48
8.1644109115,2.94464291662,101.304117751,1734609337.53
8.16700658854,2.94464285618,101.304117712,1734609337.58
8.16653689835,2.94464279061,101.304117656,1734609337.63
8.1675317511,2.94464267336,101.30411759,1734609337.67
8.16793099418,2.9446425947,101.304117508,1734609337.73
8.17538039759,2.94464261329,101.304117464,1734609337.77
8.17096851952,2.94464270101,101.304117485,1734609337.83
8.16865772381,2.9446428601,101.304117571,1734609337.88
8.16381169297,2.94464305976,101.30411769,1734609337.93
8.16143925767,2.94464325239,101.304117837,1734609337.98
8.16346595623,2.94464345091,101.304117965,1734609338.05
8.15664215758,2.94464363939,101.304118056,1734609338.07
8.15556467045,2.9446437843,101.304118114,1734609338.12
8.16051641479,2.94464394186,101.304118192,1734609338.17
8.16382640041,2.9446440613,101.304118279,1734609338.22
8.16225954052,2.94464418398,101.30411835,1734609338.31
8.16149261687,2.94464425908,101.304118404,1734609338.34
8.15945279133,2.94464431239,101.304118403,1734609338.37
8.16179809906,2.94464432704,101.304118385,1734609338.43
8.1604354782,2.94464430102,101.304118349,1734609338.48
8.16066899523,2.94464424444,101.304118323,1734609338.54
8.15631135646,2.94464414585,101.304118285,1734609338.58
8.16020326782,2.94464404365,101.304118238,1734609338.63
8.16413756832,2.94464399215,101.30411822,1734609338.68
8.16208341531,2.94464401162,101.304118216,1734609338.73
8.16111180373,2.94464409819,101.304118241,1734609338.81
8.15889333002,2.94464417867,101.304118287,1734609338.86
8.15965226758,2.94464420949,101.304118341,1734609338.88
8.16064213309,2.94464420717,101.304118352,1734609338.93
8.16147668473,2.94464418565,101.304118325,1734609338.97
8.15890755877,2.94464416378,101.304118287,1734609339.05
8.15976774227,2.94464414782,101.304118255,1734609339.1
8.16126053967,2.94464412416,101.304118249,1734609339.13
8.15966183878,2.94464410714,101.304118261,1734609339.17
8.15632458683,2.94464409751,101.304118276,1734609339.24
8.16014348064,2.94464412886,101.304118288,1734609339.27
8.16137268115,2.94464418304,101.304118298,1734609339.32
8.16125176102,2.94464419883,101.304118312,1734609339.38
8.15865560621,2.94464419339,101.304118305,1734609339.43
8.16295110807,2.94464418006,101.304118293,1734609339.47
8.16111592576,2.94464415166,101.304118279,1734609339.53
8.16107533593,2.94464413518,101.304118278,1734609339.57
8.16014543641,2.94464414402,101.304118268,1734609339.63
8.15950406156,2.94464412108,101.304118275,1734609339.67
8.15983357187,2.9446441375,101.304118266,1734609339.72
8.16363836173,2.94464418177,101.304118302,1734609339.77
8.15794550721,2.94464418795,101.304118294,1734609339.83
8.16147364955,2.94464417841,101.304118304,1734609339.87
8.16036534123,2.94464416041,101.304118288,1734609339.92
8.15878171474,2.94464416383,101.304118264,1734609339.97
8.16228898242,2.9446441761,101.304118261,1734609340.06
8.16384739242,2.94464425066,101.30411831,1734609340.08
8.17058684211,2.94464437071,101.304118388,1734609340.14
8.17220611311,2.94464455927,101.304118494,1734609340.18
8.17412632797,2.9446448046,101.304118622,1734609340.23
8.1700745374,2.94464511691,101.304118738,1734609340.28
8.1603696309,2.94464542448,101.304118847,1734609340.33
8.15881527867,2.94464571376,101.304119005,1734609340.38
8.15590185393,2.94464596328,101.304119161,1734609340.44
8.15184816532,2.94464621555,101.304119289,1734609340.48
8.15462810453,2.94464649888,101.30411941,1734609340.54
8.16363103595,2.94464688403,101.304119587,1734609340.58
8.15591486543,2.94464729808,101.304119738,1734609340.63
8.13169531524,2.94464763242,101.304119846,1734609340.67
8.1531688273,2.94464805392,101.304120135,1734609340.73
8.14570544939,2.94464841896,101.30412033,1734609340.77
8.15809554327,2.9446488427,101.304120488,1734609340.83
8.15137440618,2.94464921741,101.304120645,1734609340.87
8.1434859829,2.94464957406,101.304120801,1734609340.95
8.14914048929,2.94464995131,101.30412103,1734609340.98
8.16460783686,2.94465034356,101.304121243,1734609341.26
8.17148948833,2.94465068845,101.304121408,1734609341.3
8.2545045279,2.94465206513,101.304121971,1734609341.32
8.23996876273,2.94465240616,101.304122127,1734609341.32
8.24891632795,2.94465278666,101.304122368,1734609341.33
8.25677272398,2.94465316436,101.304122586,1734609341.34
8.36603315361,2.94465336052,101.304123227,1734609341.38
8.35474236403,2.94465383598,101.304123377,1734609341.43
8.21456108615,2.94465401,101.304123204,1734609341.47
8.23623579554,2.94465431418,101.304123447,1734609341.53
8.22964953631,2.94465465608,101.304123558,1734609341.57
8.2126653092,2.94465505952,101.304123621,1734609341.63
8.19163173996,2.94465551491,101.304123761,1734609341.68
8.19121703412,2.94465595664,101.304123971,1734609341.73
8.20143774804,2.94465628519,101.304124221,1734609341.77
8.19497227203,2.94465663565,101.304124433,1734609341.83
8.17780468892,2.94465705504,101.304124524,1734609341.87
8.18010340352,2.94465739021,101.30412468,1734609341.93
8.18458845839,2.94465775979,101.30412483,1734609341.97
8.18788646441,2.94465807876,101.304125053,1734609342.06
8.199347822,2.9446584559,101.304125314,1734609342.07
8.20227260981,2.94465884808,101.304125561,1734609342.13
8.18887379393,2.94465919847,101.304125722,1734609342.18
8.16947074234,2.94465961512,101.304125837,1734609342.23
8.1737839533,2.94465997763,101.304126057,1734609342.28
8.25372209959,2.94466066993,101.304126405,1734609342.32
8.25063381344,2.94466105881,101.304126582,1734609342.38
8.23365335725,2.94466147508,101.304126735,1734609342.42
8.22910820134,2.94466183709,101.304126905,1734609342.47
8.24406124931,2.94466221555,101.304127133,1734609342.53
8.23122923728,2.94466262462,101.304127327,1734609342.57
8.25670993421,2.94466287051,101.304127591,1734609342.65
8.25664885808,2.94466322854,101.304127744,1734609342.68
8.23339988012,2.94466361384,101.30412785,1734609342.76
8.23022762127,2.94466406169,101.304128067,1734609342.78
8.23880450614,2.94466449476,101.304128253,1734609342.83
8.26081895083,2.94466479325,101.30412855,1734609342.88
8.26138436794,2.94466508749,101.304128767,1734609342.93
8.23161396943,2.94466549992,101.304128831,1734609342.98
8.22955468483,2.94466592108,101.304129019,1734609343.09
8.23843171727,2.94466628265,101.304129267,1734609343.09
8.26617306657,2.94466659461,101.304129559,1734609343.13
8.24541791063,2.94466704378,101.304129751,1734609343.18
8.23757975549,2.94466739477,101.304129934,1734609343.25
8.22261512838,2.94466772481,101.304130087,1734609343.27
8.21228665393,2.9446681642,101.304130232,1734609343.33
8.23388595507,2.94466886925,101.304130576,1734609343.38
8.25320234708,2.9446691394,101.304130848,1734609343.45
8.28078906424,2.94466943058,101.304131103,1734609343.47
8.27448961698,2.94466978836,101.304131212,1734609343.54
8.246148251,2.94467020059,101.304131304,1734609343.57
8.25778664183,2.94467064105,101.304131565,1734609343.63
8.26093828864,2.94467108822,101.304131822,1734609343.67
8.2631060034,2.94467147501,101.304132042,1734609343.73
8.27262606658,2.94467183093,101.304132259,1734609343.77
8.28735642415,2.94467216678,101.30413245,1734609343.82
8.28217898402,2.94467249911,101.304132586,1734609343.87
8.27716754191,2.94467288717,101.304132744,1734609343.93
8.28330160491,2.94467326429,101.304133014,1734609343.97
8.2794130696,2.94467365029,101.304133235,1734609344.06
8.28623975441,2.94467402818,101.304133446,1734609344.08
8.29522192944,2.94467434157,101.304133682,1734609344.13
8.27994686365,2.94467474606,101.304133862,1734609344.18
8.30277922284,2.94467549694,101.304134295,1734609344.28
8.26022816077,2.94467572836,101.304134369,1734609344.33
8.24157621246,2.94467618413,101.304134558,1734609344.38
8.23665161338,2.9446766121,101.304134719,1734609344.45
8.2670517927,2.94467702411,101.30413492,1734609344.47
8.26373794209,2.94467735876,101.304135098,1734609344.54
8.23886666168,2.94467779318,101.30413526,1734609344.57
8.24962029699,2.94467821169,101.304135495,1734609344.65
8.27198457811,2.94467859477,101.304135827,1734609344.67
8.26617113221,2.94467900321,101.304136043,1734609344.72
8.26126550511,2.94467949139,101.304136183,1734609344.77
8.23519296758,2.94467985331,101.304136246,1734609344.82
8.23065675609,2.94468017331,101.304136412,1734609344.87
8.25526762195,2.94468055582,101.304136761,1734609344.93
8.25336047541,2.94468102503,101.304137064,1734609344.97
8.26029908005,2.94468145236,101.304137276,1734609345.05
8.247310156,2.94468185062,101.304137439,1734609345.07
8.22492749244,2.94468222749,101.304137614,1734609345.13
8.22942564543,2.94468265362,101.304137812,1734609345.17
8.22839069832,2.94468306119,101.304137985,1734609345.23
8.2430768935,2.94468349515,101.304138274,1734609345.27
8.24036721047,2.94468393949,101.304138555,1734609345.32
8.20040783193,2.94468437789,101.304138649,1734609345.38
8.19886906259,2.94468474198,101.304138835,1734609345.43
8.22546184529,2.94468508523,101.30413912,1734609345.47
8.23870864138,2.9446855414,101.304139408,1734609345.53
8.2424614504,2.94468592473,101.304139664,1734609345.57
8.22405191511,2.94468634852,101.304139884,1734609345.62
8.21767743584,2.94468674938,101.304140058,1734609345.67
8.22078883182,2.94468713254,101.304140254,1734609345.72
8.22573898174,2.94468746642,101.304140562,1734609345.78
8.23177921027,2.94468799935,101.304140841,1734609345.83
8.19624083117,2.94468851706,101.30414091,1734609345.9
8.1964244293,2.94468877548,101.304141147,1734609345.93
8.22253588028,2.94468912152,101.304141392,1734609345.98
8.21448917873,2.94468960204,101.30414156,1734609346.05
8.18518936913,2.94469011057,101.304141703,1734609346.08
8.20406487864,2.94469049249,101.304142009,1734609346.14
8.21183175314,2.94469091406,101.304142333,1734609346.18
8.20905760303,2.94469173537,101.304142764,1734609346.28
8.1805099519,2.94469227954,101.304142926,1734609346.35
8.25991830416,2.9446926601,101.304143353,1734609346.39
8.25548528787,2.9446930613,101.304143573,1734609346.44
8.26988844201,2.94469355249,101.304143852,1734609346.48
8.26431060676,2.94469393951,101.304144058,1734609346.53
8.25921067316,2.94469439479,101.304144253,1734609346.57
8.25134453364,2.94469491662,101.304144428,1734609346.66
8.25078976154,2.94469526974,101.304144611,1734609346.67
8.26027034689,2.94469574934,101.304144929,1734609346.74
8.26297577471,2.94469616892,101.304145127,1734609346.79
8.26398739126,2.94469658816,101.304145319,1734609346.85
8.2523330152,2.94469701481,101.304145523,1734609346.89
8.25213145465,2.94469739215,101.304145727,1734609346.93
8.26826182846,2.9446978966,101.304146058,1734609346.98
8.26242852025,2.94469830955,101.30414635,1734609347.05
8.278799152,2.94469870742,101.304146685,1734609347.08
8.25080560986,2.94469922209,101.304146842,1734609347.13
8.24087988492,2.94469957008,101.304146978,1734609347.23
8.26281807013,2.94470003314,101.304147275,1734609347.26
8.26420614496,2.94470047054,101.304147569,1734609347.27
8.27078160737,2.94470082762,101.304147809,1734609347.35
8.25183787663,2.94470130039,101.304147991,1734609347.37
8.2509233579,2.94470173122,101.304148158,1734609347.43
8.25468133856,2.9447021617,101.304148383,1734609347.47
8.27828940656,2.94470267576,101.304148727,1734609347.53
8.25176260434,2.9447029843,101.304148949,1734609347.57
8.23888318706,2.94470341971,101.304149196,1734609347.63
8.26019794494,2.94470385972,101.304149493,1734609347.7
8.25328014698,2.94470433425,101.304149789,1734609347.73
8.2591030607,2.94470478619,101.3041501,1734609347.78
8.26005652733,2.94470521964,101.304150344,1734609347.85
8.23448968027,2.94470570204,101.304150539,1734609347.88
8.26593728922,2.94470612629,101.30415086,1734609347.92
8.26510528475,2.94470658223,101.304151094,1734609347.97
8.23359881528,2.94470710192,101.304151239,1734609348.05
8.26064043585,2.94470753951,101.304151545,1734609348.07
8.25679334253,2.94470792294,101.304151794,1734609348.14
8.27008476015,2.94470829335,101.304152081,1734609348.19
8.27604677249,2.94470891088,101.304152394,1734609348.23
8.25107144378,2.94470937577,101.304152573,1734609348.27
8.23995939642,2.94470979281,101.304152816,1734609348.32
8.24723744672,2.94471030354,101.304153129,1734609348.38
8.26894728281,2.94471067297,101.304153477,1734609348.42
8.2756627081,2.94471108794,101.304153822,1734609348.48
8.30804794189,2.9447115572,101.304154134,1734609348.53
8.2736907592,2.9447120892,101.304154265,1734609348.57
8.24779495131,2.94471251996,101.304154431,1734609348.64
8.29591095727,2.94471295133,101.30415483,1734609348.68
8.27653344907,2.94471347118,101.304155071,1734609348.76
8.26676352229,2.94471391392,101.304155277,1734609348.78
8.26116767339,2.9447143233,101.304155514,1734609348.83
8.25961336028,2.94471481403,101.304155793,1734609348.88
8.27669726219,2.9447152974,101.304156132,1734609348.93
8.26061096136,2.94471584641,101.304156342,1734609348.98
8.28225465119,2.94471625064,101.304156637,1734609349.07
8.26239897031,2.94471667201,101.304156896,1734609349.08
8.28053398803,2.94471703029,101.304157257,1734609349.13
8.24083299376,2.94471756409,101.304157509,1734609349.18
8.25327766128,2.94471804318,101.304157824,1734609349.23
8.27529135346,2.94471855223,101.30415807,1734609349.27
8.29591428861,2.94471904888,101.304158337,1734609349.32
8.28983223438,2.94471962268,101.304158567,1734609349.39
8.25552296173,2.94472018623,101.304158772,1734609349.43
8.26241122652,2.94472059502,101.304159058,1734609349.47
8.29136688076,2.94472102334,101.304159439,1734609349.54
8.2849974921,2.94472156657,101.304159719,1734609349.58
8.28006596118,2.94472204759,101.304160011,1734609349.63
8.29867313709,2.94472264474,101.304160397,1734609349.68
8.32299874909,2.9447231153,101.304160729,1734609349.72
8.32117354218,2.94472361378,101.304160991,1734609349.78
8.31923393998,2.94472402981,101.3041613,1734609349.83
8.29583769199,2.9447245254,101.30416163,1734609349.88
8.31309997477,2.94472492451,101.304161972,1734609349.93
8.33210798167,2.94472544491,101.304162277,1734609349.98
8.33697413187,2.94472605238,101.304162593,1734609350.05
8.31456879713,2.94472655534,101.304162826,1734609350.08
8.32942921389,2.94472687405,101.304163091,1734609350.13
8.32488473691,2.94472731538,101.304163334,1734609350.17
8.32455241773,2.9447278962,101.304163687,1734609350.23
8.33507253882,2.94472832842,101.304163992,1734609350.27
8.33416761737,2.9447288006,101.30416431,1734609350.32
8.31733909901,2.94472937564,101.304164558,1734609350.38
8.34405405913,2.94472985817,101.304164871,1734609350.44
8.35412042495,2.94473036322,101.304165188,1734609350.49
8.33601895254,2.94473088016,101.30416544,1734609350.53
8.32319480274,2.94473138661,101.304165711,1734609350.57
8.29560834635,2.94473189535,101.304165915,1734609350.63
8.3216969315,2.94473236984,101.30416623,1734609350.67
8.31510644592,2.94473291186,101.304166464,1734609350.73
8.28721821867,2.9447334039,101.304166687,1734609350.77
8.2979818359,2.94473385253,101.304166982,1734609350.83
8.31981629692,2.94473440314,101.304167372,1734609350.87
8.2194290841,2.94473492999,101.304167275,1734609350.92
8.18970572762,2.94473545849,101.304167473,1734609350.98
8.19452214055,2.94473588445,101.304167767,1734609351.05
8.22573600989,2.94473633388,101.304168185,1734609351.08
8.24377750512,2.94473692162,101.304168554,1734609351.13
8.20050252043,2.94473743031,101.304168709,1734609351.17
8.16863276158,2.94473792549,101.304168892,1734609351.23
8.1753587136,2.9447384326,101.304169222,1734609351.27
8.26736339927,2.94473894069,101.304169775,1734609351.32
8.28062331956,2.94473949557,101.304170012,1734609351.41
8.25767219998,2.94474000568,101.304170261,1734609351.45
8.25226406008,2.94474043932,101.3041705,1734609351.48
8.27962944377,2.94474099954,101.304170868,1734609351.54
8.30201241281,2.94474144842,101.304171288,1734609351.58
8.26689072605,2.94474193098,101.304171458,1734609351.65
8.26573446114,2.94474237666,101.304171705,1734609351.69
8.27973628882,2.94474294141,101.304172057,1734609351.73
8.31202473398,2.94474340918,101.30417238,1734609351.78
8.26998607628,2.94474395702,101.304172565,1734609351.83
8.26191941835,2.94474448184,101.304172912,1734609351.87
8.26231604256,2.94474490037,101.304173235,1734609351.93
8.29287431389,2.94474544398,101.304173552,1734609351.98
8.31481307838,2.944745848,101.304173842,1734609352.08
8.2866196176,2.94474639447,101.304173993,1734609352.09
8.27493366133,2.94474692022,101.304174286,1734609352.13
8.28146656975,2.94474741366,101.304174637,1734609352.18
8.29438111465,2.94474792101,101.304174951,1734609352.25
8.28578359913,2.94474838738,101.304175231,1734609352.28
8.27675012592,2.94474893475,101.304175545,1734609352.34
8.2461987054,2.94474957818,101.30417575,1734609352.37
8.25219027419,2.9447500627,101.304176019,1734609352.43
8.2503225524,2.94475052248,101.304176296,1734609352.47
8.24185127672,2.94475109731,101.304176604,1734609352.56
8.26212067716,2.94475154412,101.304176948,1734609352.57
8.24216492288,2.94475219418,101.304177233,1734609352.64
8.23198121972,2.94475270426,101.304177446,1734609352.67
8.24490928557,2.9447531838,101.304177765,1734609352.73
8.23437404633,2.94475371912,101.304178124,1734609352.77
8.24532634392,2.94475425614,101.304178437,1734609352.82
8.23686995078,2.94475481099,101.304178678,1734609352.87
8.2448777305,2.94475525531,101.304178979,1734609352.94
8.23192554154,2.94475573352,101.304179218,1734609352.98
8.24648296088,2.94475630015,101.304179516,1734609353.05
8.26172291674,2.94475677971,101.304179882,1734609353.07
8.25894714333,2.94475723995,101.304180161,1734609353.14
8.25183949247,2.94475772987,101.304180488,1734609353.18
8.24095667806,2.94475825407,101.304180786,1734609353.24
8.26325413212,2.94475873809,101.304181127,1734609353.28
8.29950253572,2.94475934709,101.304181627,1734609353.33
8.30130227096,2.94475980394,101.304181998,1734609353.38
8.30593316816,2.94476026802,101.304182259,1734609353.44
8.31616269611,2.94476084204,101.304182549,1734609353.5
8.32081282884,2.94476134522,101.304182869,1734609353.54
8.30150270928,2.94476191788,101.304183172,1734609353.58
8.30851313844,2.94476240337,101.304183455,1734609353.63
8.31882953737,2.94476295112,101.30418374,1734609353.67
8.32125879079,2.9447635127,101.304184019,1734609353.72
8.30073062982,2.94476403888,101.304184279,1734609353.77
8.31265355553,2.9447645562,101.304184614,1734609353.83
8.30807358027,2.94476514779,101.30418487,1734609353.88
8.29891055264,2.94476563974,101.304185206,1734609353.92
8.28912567999,2.94476614105,101.304185545,1734609353.97
8.30489800405,2.94476666401,101.304185867,1734609354.07
8.31059170607,2.94476717288,101.304186188,1734609354.07
8.30122657679,2.94476776749,101.304186464,1734609354.17
8.29855495505,2.94476827411,101.304186805,1734609354.2
8.29248999245,2.94476878631,101.304187076,1734609354.23
8.297082006,2.94476930777,101.304187382,1734609354.28
8.30447557662,2.94476987599,101.304187728,1734609354.32
8.31618671957,2.94477033772,101.304188036,1734609354.38
8.29122772999,2.94477087077,101.304188292,1734609354.43
8.30033351947,2.94477137546,101.304188542,1734609354.47
8.26351637859,2.94477190554,101.304188634,1734609354.54
8.26884941477,2.94477248151,101.304188989,1734609354.57
8.2413108889,2.94477303509,101.304189275,1734609354.62
8.24110154901,2.94477354353,101.304189584,1734609354.68
8.24316542502,2.94477409752,101.304189959,1734609354.73
8.2655560635,2.94477458589,101.304190339,1734609354.77
8.25385418721,2.94477518976,101.304190585,1734609354.82
8.27343190555,2.94477558049,101.304190884,1734609354.87
8.25798422564,2.94477614128,101.30419112,1734609354.93
8.27978321165,2.94477672043,101.304191545,1734609354.98
8.26161269471,2.94477722294,101.30419184,1734609355.05
8.26830747724,2.94477777031,101.304192097,1734609355.08
8.25876961742,2.94477830563,101.304192399,1734609355.13
8.26288940571,2.94477891797,101.304192736,1734609355.18
8.23580204137,2.94477946517,101.304192992,1734609355.23
8.2533797482,2.94477997036,101.304193296,1734609355.28
8.26137813646,2.94478053649,101.304193646,1734609355.35
8.25058222562,2.9447810516,101.304194009,1734609355.38
8.25423904788,2.94478155082,101.304194365,1734609355.43
8.26461219136,2.94478208303,101.304194688,1734609355.48
8.26812705584,2.94478269295,101.304195069,1734609355.55
8.26426787209,2.94478328916,101.304195437,1734609355.58
8.25178214721,2.94478379601,101.304195755,1734609355.63
8.2437767582,2.94478433141,101.304196034,1734609355.67
8.23854255583,2.94478492921,101.304196401,1734609355.73
8.25931502134,2.94478551412,101.304196692,1734609355.77
8.24748702906,2.94478604916,101.304196911,1734609355.83
8.25211895537,2.94478653692,101.304197202,1734609355.87
8.27889218461,2.9447870187,101.304197573,1734609355.92
8.27629437111,2.94478765459,101.304197949,1734609355.97
8.26815051306,2.94478823485,101.304198186,1734609356.05
8.2556463033,2.9447887788,101.304198496,1734609356.08
8.26439019013,2.94478935678,101.304198918,1734609356.13
8.26751571707,2.94478986368,101.304199301,1734609356.17
8.25111587066,2.94479051354,101.304199475,1734609356.23
8.24574158713,2.94479096061,101.304199749,1734609356.28
8.17904674821,2.94479152104,101.304199867,1734609356.34
8.18519794662,2.94479212068,101.304200236,1734609356.37
8.21056367271,2.94479264886,101.304200615,1734609356.43
8.15455046296,2.94479331844,101.304200836,1734609356.48
8.18592059053,2.94479386964,101.30420127,1734609356.53
8.18710430525,2.94479440873,101.304201721,1734609356.57
8.19109478313,2.94479499501,101.30420207,1734609356.62
8.14130602125,2.94479548991,101.304202322,1734609356.67
8.17996812798,2.94479598575,101.304202743,1734609356.75
8.17042368092,2.94479664807,101.304202899,1734609356.78
8.19237969536,2.94479723166,101.304203206,1734609356.84
8.18130963016,2.9447977931,101.30420352,1734609356.88
8.17246122565,2.94479843863,101.304203888,1734609356.94
8.17742481548,2.94479895564,101.304204235,1734609356.98
8.19432653207,2.94479949235,101.304204678,1734609357.06
8.16055093985,2.94480007945,101.304204971,1734609357.08
8.16547331866,2.94480069488,101.304205303,1734609357.16
8.19987642765,2.9448011352,101.304205617,1734609357.18
8.18120125681,2.94480175976,101.304205887,1734609357.26
8.15935438685,2.94480222048,101.304206325,1734609357.28
8.19224903919,2.94480277412,101.304206672,1734609357.32
8.17597458139,2.9448033373,101.304206934,1734609357.37
8.16690166947,2.94480403461,101.304207249,1734609357.43
8.17686211783,2.94480459795,101.304207601,1734609357.47
8.15734597202,2.94480514069,101.304207828,1734609357.53
8.20652379654,2.94480573013,101.304208249,1734609357.57
8.18738897517,2.94480627365,101.304208635,1734609357.63
8.18029952794,2.94480669969,101.30420899,1734609357.67
8.18299077824,2.94480731757,101.304209297,1734609357.72
8.16933972668,2.94480787428,101.304209623,1734609357.78
8.16807937063,2.94480846898,101.304210093,1734609357.85
8.19973205309,2.944809012,101.304210372,1734609357.87
8.16111319885,2.94480974648,101.304210507,1734609357.92
8.13307852019,2.94481040601,101.304210832,1734609357.97
8.16972745489,2.94481102632,101.30421132,1734609358.06
8.13587806653,2.94481157134,101.304211625,1734609358.07
8.13427104987,2.94481198098,101.304211922,1734609358.12
8.15410951525,2.94481260198,101.304212303,1734609358.18
8.11842963286,2.94481335197,101.304212567,1734609358.24
8.10618580878,2.94481394919,101.304212792,1734609358.28
8.08997477498,2.94481440057,101.304213056,1734609358.33
8.20684026554,2.94481531637,101.304214245,1734609358.43
8.1835665321,2.94481597629,101.304214569,1734609358.47
8.15143574588,2.94481663234,101.304214846,1734609358.54
8.18044345081,2.94481706096,101.304215224,1734609358.57
8.21074102633,2.94481761778,101.304215581,1734609358.63
8.21044000052,2.94481817418,101.304215923,1734609358.67
8.16811043303,2.94481876943,101.304216222,1734609358.73
8.15689260047,2.94481937797,101.304216546,1734609358.77
8.1833917005,2.94481996563,101.304216878,1734609358.84
8.14955270849,2.94482059685,101.304217071,1734609358.87
8.10728792101,2.94482114886,101.30421739,1734609358.92
8.16219651885,2.94482154192,101.304217896,1734609359.01
8.17445462663,2.9448220495,101.304218216,1734609359.05
8.14105807245,2.94482276335,101.304218644,1734609359.1
8.11494853906,2.94482339966,101.304218856,1734609359.13
8.2478147326,2.94482423384,101.304219766,1734609359.26
8.15808683354,2.94482510396,101.304219978,1734609359.31
8.12523356546,2.94482573836,101.304220248,1734609359.33
8.07921223529,2.94482647482,101.304220496,1734609359.38
8.12552936468,2.94482699575,101.304220862,1734609359.44
8.10497462098,2.94482763622,101.304221114,1734609359.48
8.08867275994,2.94482809012,101.304221352,1734609359.54
8.07590508647,2.94482866861,101.304221698,1734609359.58
8.03705906775,2.94482929874,101.304222035,1734609359.63
8.08832589351,2.9448298883,101.304222495,1734609359.68
8.08590215072,2.94483027688,101.304222708,1734609359.76
8.14525295608,2.94483076654,101.304223089,1734609359.77
8.11490698159,2.94483150226,101.304223469,1734609359.86
8.06816456374,2.94483214424,101.304223717,1734609359.87
8.10196801461,2.9448325837,101.304224224,1734609359.92
8.12401689496,2.94483312203,101.304224605,1734609359.97
8.10838089325,2.94483379719,101.304224916,1734609360.04
8.13498193026,2.94483442911,101.304225327,1734609360.07
8.18981078081,2.94483484705,101.304225762,1734609360.13
8.20822880324,2.94483539344,101.304226119,1734609360.18
8.1639111191,2.94483613375,101.304226412,1734609360.22
8.15140878223,2.94483659534,101.304226702,1734609360.28
8.18885693699,2.94483713509,101.304226919,1734609360.32
8.13028496131,2.94483794766,101.304227077,1734609360.37
8.22029834241,2.9448381861,101.304227539,1734609360.45
8.19355935883,2.94483873099,101.304227823,1734609360.47
8.21002834011,2.94483934056,101.304228271,1734609360.53
8.23763466347,2.94483983826,101.304228683,1734609360.57
8.14753213897,2.94484064512,101.304228849,1734609360.62
8.15980710369,2.94484102371,101.304229137,1734609360.67
8.10743348021,2.94484192388,101.304229476,1734609360.74
8.12321532518,2.944842459,101.304229763,1734609360.78
8.14285610802,2.94484289175,101.304230147,1734609360.83
8.12963128649,2.94484351939,101.30423051,1734609360.88
8.16903046891,2.94484399481,101.304230858,1734609360.94
8.14981637709,2.94484464055,101.304231145,1734609360.98
8.15176259726,2.94484514185,101.304231412,1734609361.06
8.13419893198,2.9448457734,101.30423177,1734609361.08
8.13954253308,2.94484639101,101.304232152,1734609361.13
8.15009590052,2.94484690134,101.304232548,1734609361.17
8.15930762701,2.94484744078,101.304232946,1734609361.26
8.09798374679,2.94484816077,101.304233107,1734609361.27
8.08875706885,2.94484869154,101.304233415,1734609361.34
8.11645261291,2.94484925429,101.304233798,1734609361.37
8.10347845312,2.94484979988,101.304234105,1734609361.43
8.10821896046,2.94485041947,101.304234544,1734609361.48
8.13838698249,2.94485100823,101.304234888,1734609361.53
8.13216987252,2.9448515317,101.304235119,1734609361.58
8.10789999738,2.94485216838,101.304235451,1734609361.63
8.1341528492,2.94485261974,101.304235889,1734609361.68
8.12093028706,2.94485316284,101.304236185,1734609361.73
8.16470719501,2.94485386926,101.304236682,1734609361.77
8.11996508576,2.94485447767,101.30423693,1734609361.83
8.14454702754,2.94485494193,101.304237263,1734609361.87
8.17995468155,2.94485545687,101.304237666,1734609361.92
8.1560485065,2.94485609023,101.304237896,1734609361.97
8.1271411553,2.94485676272,101.304238278,1734609362.05
8.12822837383,2.94485727434,101.304238627,1734609362.07
8.13842920586,2.94485786205,101.304238971,1734609362.13
8.1026989026,2.944858561,101.30423924,1734609362.17
8.08069284447,2.94485903944,101.304239555,1734609362.24
8.10221032333,2.94485957733,101.304239892,1734609362.27
8.1622245172,2.94486009716,101.304240423,1734609362.32
8.11070104036,2.94486068969,101.304240712,1734609362.37
8.12838158663,2.94486127553,101.304241045,1734609362.42
8.12927259877,2.94486178461,101.304241354,1734609362.48
8.15581078548,2.94486242277,101.304241782,1734609362.54
8.14227617532,2.94486302379,101.304242156,1734609362.58
8.15144859254,2.94486357169,101.304242531,1734609362.63
8.13974985853,2.94486417907,101.304242816,1734609362.68
8.16018223949,2.94486480099,101.304243203,1734609362.73
8.1441520052,2.94486537417,101.304243493,1734609362.78
8.13243598957,2.94486591833,101.304243736,1734609362.83
8.14449715149,2.94486650549,101.304244123,1734609362.88
8.11823136825,2.94486713088,101.304244327,1734609362.93
8.11223302595,2.94486772027,101.304244691,1734609362.98
8.10767392162,2.94486829638,101.304245079,1734609363.05
8.1008094782,2.94486890294,101.304245329,1734609363.1
8.09494124074,2.94486949403,101.304245689,1734609363.13
8.08373713773,2.94486997367,101.304246011,1734609363.18
8.11479818448,2.9448705138,101.304246402,1734609363.23
8.12489614915,2.94487107604,101.304246742,1734609363.29
8.2147055706,2.9448716001,101.304247491,1734609363.34
8.19814264122,2.94487222398,101.30424782,1734609363.37
8.19041378144,2.94487279708,101.304248135,1734609363.43
8.1947909873,2.94487349151,101.304248443,1734609363.47
8.1811585594,2.94487406537,101.304248862,1734609363.53
8.17113331985,2.94487471142,101.304249193,1734609363.57
8.17886733264,2.94487535406,101.304249552,1734609363.63
8.18744326849,2.94487601275,101.304249937,1734609363.68
8.1727170106,2.94487658097,101.304250282,1734609363.73
8.17054011486,2.94487717544,101.304250603,1734609363.81
8.18795125,2.94487784952,101.304251044,1734609363.83
8.18072609138,2.94487849523,101.304251389,1734609363.87
8.16729285195,2.94487914005,101.304251746,1734609363.92
8.18105577584,2.94487984732,101.304252183,1734609363.97
8.19921460282,2.94488053449,101.304252725,1734609364.05
8.19453741796,2.94488114408,101.304253108,1734609364.07
8.20189870894,2.94488178718,101.304253466,1734609364.12
8.19923128188,2.94488242649,101.304253814,1734609364.17
8.19771601073,2.94488308668,101.304254134,1734609364.23
8.1879663365,2.94488374778,101.304254483,1734609364.27
8.21451245528,2.94488446997,101.304254979,1734609364.34
8.20053580124,2.9448851677,101.30425538,1734609364.39
8.19081836939,2.94488594506,101.304255691,1734609364.44
8.1821481958,2.94488661522,101.304256043,1734609364.47
8.17348073144,2.94488726483,101.304256515,1734609364.53
8.18680347502,2.94488794685,101.304256881,1734609364.57
8.17482357193,2.94488860117,101.304257189,1734609364.62
8.19127997011,2.94488924324,101.304257667,1734609364.67
8.20203588251,2.94488991516,101.304258018,1734609364.72
8.21304667834,2.94489060988,101.304258441,1734609364.77
8.23771286942,2.94489140405,101.30425893,1734609364.83
8.20814343821,2.94489212806,101.30425925,1734609364.87
8.19908644538,2.94489297986,101.304259622,1734609364.92
8.21500490047,2.94489382312,101.304260235,1734609364.98
8.19881981704,2.94489465255,101.304260693,1734609365.07
8.19604559429,2.94489545002,101.304261172,1734609365.08
8.18609899189,2.94489627701,101.304261709,1734609365.13
8.18612397183,2.94489710672,101.3042622,1734609365.19
8.18728995509,2.94489802245,101.304262674,1734609365.23
8.18914143275,2.9448988795,101.30426321,1734609365.28
8.19309006352,2.94489990381,101.304263674,1734609365.33
8.15778965876,2.94490074083,101.304264068,1734609365.38
8.15302691981,2.94490160126,101.304264583,1734609365.43
8.15180091467,2.94490344022,101.304265632,1734609365.53
8.19408752304,2.94490431501,101.304266238,1734609365.6
8.17960489262,2.944905176,101.304266732,1734609365.64
8.17746909335,2.94490595422,101.30426714,1734609365.67
8.17597687803,2.94490669681,101.304267567,1734609365.73
8.132024955,2.94490732082,101.304267776,1734609365.77
8.15695170034,2.94490789209,101.304268115,1734609365.83
8.17680886015,2.94490845056,101.304268442,1734609365.87
8.17148905154,2.94490888725,101.304268683,1734609365.93
8.15433149412,2.94490932369,101.304268892,1734609365.97
8.16299178079,2.94490983323,101.304269181,1734609366.05
8.17236017995,2.94491046003,101.304269527,1734609366.08
8.16033199895,2.94491110554,101.304269835,1734609366.14
8.13417796232,2.94491170032,101.304270235,1734609366.17
8.14274594095,2.94491233931,101.304270532,1734609366.24
8.15368156508,2.9449129605,101.304270963,1734609366.27
8.1285043871,2.94491344418,101.304271155,1734609366.32
8.10488401446,2.94491393441,101.304271324,1734609366.37
8.09575951565,2.94491452705,101.304271515,1734609366.42
8.12291353475,2.94491513653,101.304271943,1734609366.47
8.10713011213,2.94491568074,101.304272254,1734609366.54
8.10184787773,2.94491629899,101.304272566,1734609366.57
8.12192646507,2.94491704742,101.304273068,1734609366.62
8.12756764237,2.94491767765,101.30427351,1734609366.67
8.10495633632,2.94491824835,101.304273708,1734609366.73
8.12398615759,2.94491886497,101.304274061,1734609366.79
8.10766371433,2.94491943042,101.304274386,1734609366.85
8.10910115484,2.94492003278,101.304274762,1734609366.88
8.12306797411,2.94492063418,101.304275016,1734609366.93
8.08098750282,2.94492131705,101.304275228,1734609366.98
8.0836814614,2.94492183395,101.304275512,1734609367.05
8.11873193271,2.94492243115,101.304275987,1734609367.08
8.11123927496,2.94492308633,101.304276458,1734609367.14
8.0871020034,2.94492369825,101.304276761,1734609367.17
8.10462289024,2.94492433745,101.304277054,1734609367.26
8.06397872139,2.94492490685,101.304277289,1734609367.29
8.11649720185,2.94492548333,101.304277923,1734609367.33
8.13260165974,2.94492599237,101.304278301,1734609367.38
8.10337577015,2.94492652361,101.304278526,1734609367.43
8.08799806982,2.94492711103,101.304278738,1734609367.47
8.13778719679,2.94492771393,101.304279108,1734609367.53
8.12474963535,2.94492828072,101.304279476,1734609367.57
8.13050403725,2.94492887632,101.3042798,1734609367.63
8.13407082576,2.94492943903,101.304280068,1734609367.67
8.13970489893,2.94492992871,101.304280436,1734609367.73
8.11949577834,2.94493050026,101.304280783,1734609367.77
8.12645308767,2.94493093222,101.304280954,1734609367.82
8.11858874839,2.94493132057,101.304281075,1734609367.87
8.12952916417,2.94493170136,101.304281434,1734609367.92
8.13938522246,2.94493210964,101.304281785,1734609367.98
8.13609641604,2.94493259298,101.304281946,1734609368.05
8.11018910352,2.94493311706,101.304282162,1734609368.07
8.10105628055,2.94493361536,101.304282496,1734609368.12
8.1186023457,2.9449340743,101.304282762,1734609368.18
8.12215610687,2.94493456985,101.304283009,1734609368.23
8.12117688637,2.94493502166,101.304283301,1734609368.27
8.12674444169,2.94493546084,101.30428363,1734609368.32
8.16081459634,2.94493604517,101.304283988,1734609368.38
8.11506582331,2.94493653868,101.304284074,1734609368.44
8.09938576072,2.94493707141,101.304284429,1734609368.48
8.1115170205,2.94493765474,101.304284745,1734609368.55
8.11247923039,2.94493810463,101.304285016,1734609368.58
8.08272221312,2.94493874373,101.304285276,1734609368.64
8.08765012491,2.94493926334,101.304285537,1734609368.68
8.08119911235,2.94493977953,101.304285689,1734609368.74
8.08111217804,2.94494035543,101.304286018,1734609368.78
8.07413065154,2.9449409614,101.304286364,1734609368.85
8.09297407512,2.94494155186,101.304286622,1734609368.88
8.10012608394,2.94494211139,101.30428693,1734609368.93
8.10511685722,2.9449426875,101.304287207,1734609368.97
8.07866035961,2.94494320154,101.304287456,1734609369.06
8.10752230976,2.94494384558,101.304287906,1734609369.08
8.09168673027,2.94494442541,101.304288104,1734609369.13
8.08104415797,2.94494494495,101.304288366,1734609369.18
8.09360448364,2.94494562154,101.304288838,1734609369.23
8.08003331721,2.9449461696,101.304289194,1734609369.27
8.11710432917,2.94494664391,101.304289549,1734609369.32
8.12952284236,2.94494722187,101.304289876,1734609369.38
8.13309032936,2.94494832389,101.304290524,1734609369.54
8.14070802648,2.94494889679,101.304290784,1734609369.56
8.12057542522,2.94494943475,101.304291059,1734609369.58
8.11403956357,2.94494997775,101.304291423,1734609369.65
8.13679174613,2.94495060508,101.304291783,1734609369.68
8.11853862181,2.94495114248,101.304292008,1734609369.73
8.13444493059,2.94495175953,101.30429234,1734609369.77
8.1315627601,2.94495224956,101.304292728,1734609369.83
8.14548923727,2.94495282463,101.304293092,1734609369.88
8.15957637504,2.94495335219,101.304293348,1734609369.92
8.1388721168,2.94495385787,101.304293589,1734609369.97
8.16599356662,2.94495452558,101.30429403,1734609370.05
8.15765199438,2.94495506874,101.304294325,1734609370.08
8.15223196242,2.94495571216,101.30429473,1734609370.13
8.14842681028,2.94495630006,101.304295004,1734609370.18
8.12626658194,2.94495679916,101.304295198,1734609370.23
8.14898351114,2.94495744338,101.304295586,1734609370.28
8.14974438585,2.94495800094,101.304295927,1734609370.32
8.13265158981,2.94495847585,101.304296269,1734609370.37
8.14481621142,2.94495914785,101.304296637,1734609370.43
8.10869342368,2.94495973869,101.304296927,1734609370.48
8.09563290607,2.94496024343,101.304297159,1734609370.53
8.08013154846,2.94496077292,101.3042974,1734609370.57
8.09786956664,2.94496144813,101.304297782,1734609370.62
8.11414561514,2.94496201377,101.304298199,1734609370.67
8.09643203486,2.94496246821,101.304298534,1734609370.72
8.09281991888,2.94496307686,101.30429885,1734609370.82
8.10850652214,2.94496373241,101.304299167,1734609370.82
8.0959292287,2.94496426925,101.304299496,1734609370.89
8.09049841389,2.94496485707,101.304299776,1734609370.92
8.09852993954,2.94496543205,101.304300213,1734609370.97
8.10560940765,2.94496605093,101.304300661,1734609371.06
8.0922619598,2.94496656334,101.304300912,1734609371.08
8.09646308422,2.944967124,101.304301236,1734609371.13
8.10375066102,2.94496780553,101.304301556,1734609371.18
8.09569058195,2.94496842124,101.30430185,1734609371.24
8.07970788237,2.94496895909,101.304302203,1734609371.28
8.14309974108,2.94496970317,101.304302558,1734609371.33
8.1611890737,2.944970256,101.304303057,1734609371.37
8.14512008522,2.94497076939,101.304303332,1734609371.43
8.13159585278,2.94497134805,101.304303526,1734609371.48
8.17085787002,2.94497204561,101.304304017,1734609371.54
8.18117759097,2.94497262145,101.304304378,1734609371.57
8.15374610014,2.9449730511,101.304304601,1734609371.64
8.16013498697,2.9449737275,101.304304984,1734609371.68
8.17286226619,2.94497443211,101.304305406,1734609371.72
8.14483734313,2.94497490595,101.304305649,1734609371.78
8.14958085399,2.9449755707,101.304305944,1734609371.84
8.16287114285,2.9449762842,101.304306374,1734609371.87
8.15376259666,2.94497678237,101.304306751,1734609371.93
8.16331421863,2.94497733573,101.304307144,1734609371.97
8.1368407486,2.94497787935,101.304307341,1734609372.08
8.13515090011,2.94497838587,101.30430774,1734609372.09
8.22179583181,2.94497905644,101.304308236,1734609372.13
8.17329002731,2.94497958719,101.304308443,1734609372.18
8.15108359978,2.94498006722,101.30430884,1734609372.26
8.25341193564,2.94498091047,101.304309404,1734609372.27
8.24622742739,2.944981445,101.304309671,1734609372.32
8.25165308639,2.94498199133,101.304309956,1734609372.37
8.24348052684,2.94498268755,101.304310392,1734609372.42
8.22809254378,2.94498323046,101.304310815,1734609372.49
8.22061550152,2.94498374132,101.304311141,1734609372.54
8.24694438186,2.94498443139,101.304311311,1734609372.57
8.25840099156,2.94498507649,101.304311633,1734609372.64
8.22433005273,2.94498568167,101.30431202,1734609372.67
8.22235159762,2.94498627343,101.304312421,1734609372.73
8.19623254333,2.94498693418,101.304312858,1734609372.78
8.24789364263,2.9449874668,101.304313277,1734609372.86
8.23344074283,2.94498812574,101.304313581,1734609372.88
8.20028129593,2.94498870625,101.304313949,1734609372.97
8.18677927647,2.94498922383,101.304314315,1734609372.98
8.22225869354,2.94498986788,101.304314673,1734609373.05
8.22637501452,2.94499039924,101.304314985,1734609373.1
8.22108191252,2.94499094962,101.304315301,1734609373.13
8.21378487255,2.94499163502,101.304315679,1734609373.19
8.18585283216,2.94499238308,101.304316038,1734609373.24
8.17028683983,2.94499275737,101.304316289,1734609373.27
8.15982940141,2.94499337823,101.304316658,1734609373.32
8.15615844075,2.94499419668,101.304317001,1734609373.37
8.14789246768,2.94499459366,101.304317363,1734609373.43
8.17653245665,2.94499500459,101.304317678,1734609373.48
8.161323593,2.94499592774,101.304318167,1734609373.53
8.18841651641,2.94499654789,101.304318536,1734609373.59
8.1606720686,2.94499721247,101.304318935,1734609373.62
8.12094585598,2.94499804645,101.304319306,1734609373.68
8.16913090553,2.94499859092,101.304319634,1734609373.72
8.1179306116,2.94499910356,101.304319932,1734609373.77
8.09238829277,2.94499990647,101.304320182,1734609373.83
8.11785263754,2.94500037246,101.304320618,1734609373.88
8.08827533945,2.94500106852,101.304321037,1734609373.93
8.08408324607,2.94500189801,101.304321436,1734609373.97
8.1764828749,2.94500239495,101.304321876,1734609374.05
8.17117829248,2.94500301937,101.304322257,1734609374.07
8.17808135878,2.94500374792,101.304322767,1734609374.12
8.04277801327,2.94500448648,101.304323067,1734609374.18
8.04264874198,2.94500472033,101.304323208,1734609374.24
8.10408282466,2.94500533852,101.304323747,1734609374.27
8.30089727137,2.94500584533,101.30432439,1734609374.32
8.27505922876,2.94500654071,101.30432456,1734609374.37
8.29895691667,2.94500715318,101.304324904,1734609374.45
8.2851262819,2.94500769486,101.304325363,1734609374.48
8.32384709641,2.945008374,101.304325834,1734609374.56
8.38518369757,2.9450088887,101.304326289,1734609374.57
8.36057943013,2.94500956382,101.304326565,1734609374.63
8.41235002317,2.94501015029,101.304327134,1734609374.68
8.18988375831,2.94501097713,101.304327196,1734609374.73
8.28755752929,2.94501164522,101.304327615,1734609374.78
8.24326661974,2.9450123943,101.304327957,1734609374.83
8.23877185024,2.94501300802,101.304328213,1734609374.88
8.27690001111,2.94501360502,101.304328657,1734609374.94
8.33982269932,2.94501432492,101.304329411,1734609374.98
7.95362636633,2.94501514133,101.304329386,1734609375.06
7.9947411241,2.94501576305,101.304329699,1734609375.08
8.03671734873,2.94501641571,101.304330042,1734609375.12
8.11181211472,2.94501686429,101.304330313,1734609375.17
8.11985694058,2.94501737257,101.304330582,1734609375.23
8.20541562419,2.94501807994,101.304330885,1734609375.3
8.10394483339,2.94501861493,101.304331204,1734609375.32
8.07718504872,2.94501907479,101.304331657,1734609375.38
8.08459781483,2.9450196136,101.304332183,1734609375.43
7.84667872079,2.94501995098,101.304331193,1734609375.5
7.90878653526,2.9450205639,101.304331624,1734609375.53
8.21450533532,2.94502115021,101.304332083,1734609375.58
8.1652425658,2.94502159181,101.304332384,1734609375.63
8.26646188553,2.94502152353,101.304332494,1734609375.67
8.33523616847,2.94502228691,101.304333133,1734609375.73
7.55330160446,2.94502721812,101.30433641,1734609375.77
7.51258372422,2.94502739631,101.304336026,1734609375.85
7.50221720804,2.94502822369,101.304336439,1734609375.88
7.53121636435,2.94502916901,101.304337251,1734609375.93
7.93848968484,2.94502797023,101.304336309,1734609375.97
7.65550443437,2.94502934969,101.304337288,1734609376.05
7.68696898036,2.94502999645,101.304337761,1734609376.08
7.66556349583,2.94503065114,101.304338032,1734609376.13
7.62436033878,2.94503112955,101.304338253,1734609376.17
7.63881191425,2.94503192023,101.304338731,1734609376.23
7.69127630815,2.94503260796,101.304339156,1734609376.27
7.73091744538,2.94503354184,101.304339685,1734609376.33
7.66363567393,2.94503404738,101.304340024,1734609376.38
7.71152447723,2.94503499378,101.304340553,1734609376.42
7.6981405383,2.94503544724,101.304340879,1734609376.47
7.62769256812,2.94503593459,101.304341171,1734609376.53
7.65083069727,2.94503704178,101.304341704,1734609376.57
7.65530805662,2.94503747959,101.304342035,1734609376.62
7.6354465289,2.94503805521,101.304342354,1734609376.68
7.65927126445,2.94503886108,101.304342678,1734609376.72
7.69631217606,2.94503939211,101.304342928,1734609376.77
7.6079838993,2.94504051906,101.304343365,1734609376.82
7.59495280962,2.9450410118,101.304343694,1734609376.88
7.63263829798,2.94504165379,101.304344066,1734609376.92
7.6795087792,2.94504242834,101.304344596,1734609376.97
7.67091174703,2.94504293113,101.304344978,1734609377.05
7.65940755233,2.94504343669,101.304345335,1734609377.08
7.66226647422,2.94504368176,101.304345525,1734609377.12
7.69739124551,2.94504425101,101.304345858,1734609377.19
7.86244353186,2.94504541239,101.304346358,1734609377.29
7.95942596998,2.94504567298,101.304346309,1734609377.33
7.58824607171,2.94504852921,101.304348202,1734609377.39
7.70428182185,2.94504851344,101.30434846,1734609377.45
7.72384822462,2.94504985476,101.304348956,1734609377.48
7.72734820377,2.9450500006,101.304349109,1734609377.53
7.72918194812,2.94505109375,101.304349832,1734609377.57
7.80836966634,2.94505166476,101.30435016,1734609377.65
7.90778878797,2.94505218074,101.30435031,1734609377.68
7.98565032333,2.9450520986,101.304350554,1734609377.73
8.12886223849,2.94505303037,101.304351569,1734609377.78
8.00889970362,2.94505438755,101.304351402,1734609377.83
7.98271648958,2.94505493031,101.304351813,1734609377.87
8.00318953861,2.945055218,101.304352439,1734609377.93
7.8947432721,2.9450556804,101.304352837,1734609377.97
7.91811726242,2.94505648454,101.304353346,1734609378.06
8.07593100145,2.94505729455,101.304353741,1734609378.07
8.36052002758,2.94505754919,101.304354422,1734609378.13
8.45628536586,2.94505798597,101.3043548,1734609378.17
8.34612492286,2.94505805809,101.304354766,1734609378.23
8.17203172669,2.94505841907,101.304354989,1734609378.27
8.29749019165,2.94505878494,101.304355541,1734609378.32
8.33697239496,2.9450587603,101.304355911,1734609378.38
8.23244341183,2.94505979502,101.304356282,1734609378.43
8.30098266341,2.94506009965,101.304356457,1734609378.47
8.33368953876,2.94505946462,101.30435676,1734609378.56
8.41427633632,2.94505964174,101.304357456,1734609378.57
8.41982198134,2.94505997166,101.304358051,1734609378.62
8.37657865975,2.94506039699,101.304358314,1734609378.67
8.50605640095,2.94506063197,101.304358706,1734609378.72
8.6175829675,2.94506062187,101.304359014,1734609378.78
8.58039563987,2.94506186863,101.304359497,1734609378.84
8.58776808064,2.94506218473,101.304359651,1734609378.87
8.81274037343,2.94506283844,101.304361638,1734609378.93
8.85131904297,2.94506295155,101.304362258,1734609378.97
8.80931904167,2.9450633589,101.304362597,1734609379.05
8.73701342195,2.94506363642,101.304362737,1734609379.07
8.74621334206,2.94506392252,101.304362973,1734609379.12
8.78470676206,2.94506387482,101.30436314,1734609379.17
8.84968985058,2.94506374149,101.304363084,1734609379.22
8.83512532711,2.94506393303,101.304363149,1734609379.27
8.86372932419,2.94506397476,101.304362987,1734609379.33
8.78882039525,2.94506398676,101.304362573,1734609379.38
8.72843330353,2.94506395819,101.304362214,1734609379.44
8.8482149262,2.94506413619,101.30436307,1734609379.48
8.61542896274,2.94506433513,101.304362225,1734609379.54
8.82049258705,2.94506698525,101.304365674,1734609379.58
8.824686612,2.94506749319,101.304366055,1734609379.63
8.80004748609,2.94506709107,101.304365242,1734609379.68
8.8016087031,2.94506755415,101.30436547,1734609379.72
8.86759805679,2.94506890578,101.304366858,1734609379.77
9.04271409195,2.94506943011,101.304368111,1734609379.83
9.04246107861,2.94506991121,101.304368376,1734609379.88
9.11238078587,2.94507050351,101.304369109,1734609379.92
9.13152981084,2.94507070856,101.304369423,1734609379.97
9.09279681183,2.94507092954,101.304369632,1734609380.05
9.09768213984,2.94507103096,101.304369846,1734609380.07
9.08332413062,2.94507132223,101.304369951,1734609380.14
9.13819698244,2.94507148866,101.304370469,1734609380.17
9.08760975674,2.94507162144,101.304370746,1734609380.23
9.04106523935,2.94507188969,101.304371039,1734609380.27
9.07638591342,2.9450719661,101.304371351,1734609380.33
9.1310757529,2.94507215867,101.30437186,1734609380.37
9.30816001724,2.94507269123,101.304372364,1734609380.43
9.34076698124,2.94507304428,101.304372538,1734609380.47
9.31732914411,2.94507337763,101.304372448,1734609380.53
9.39352283534,2.94507323729,101.304372782,1734609380.57
8.90472043119,2.94507682782,101.304372533,1734609380.62
8.88312398642,2.94507748316,101.304372823,1734609380.67
8.86731916852,2.94507814386,101.304373256,1734609380.72
8.84517394193,2.94507860889,101.304373374,1734609380.77
8.84486903902,2.94507883884,101.304373453,1734609380.83
8.83104884438,2.94507930347,101.304373603,1734609380.87
8.86314640008,2.94507961309,101.304374039,1734609380.95
8.8988777604,2.9450800444,101.304374497,1734609380.97
8.87542808522,2.94508058006,101.304374721,1734609381.05
8.94224506058,2.94508080776,101.304375052,1734609381.07
9.00982287433,2.94508120544,101.304375376,1734609381.13
9.01336095016,2.94508139058,101.30437551,1734609381.17
8.94004159048,2.94508235572,101.304375744,1734609381.22
8.97581371572,2.94508235671,101.304375964,1734609381.28
8.99556677602,2.94508261465,101.30437624,1734609381.32
9.09120550193,2.94508313437,101.304376972,1734609381.37
8.76873259153,2.94508484607,101.304376788,1734609381.43
8.81175195519,2.945085288,101.304377069,1734609381.48
8.83277937211,2.9450860345,101.304377497,1734609381.53
8.7337615611,2.9450866214,101.304377588,1734609381.57
8.60931193363,2.94508728277,101.304377599,1734609381.63
8.71787784062,2.94508766061,101.304378214,1734609381.67
8.77159583941,2.94508817947,101.304378624,1734609381.72
8.73241542745,2.94508902638,101.304378837,1734609381.77
8.65629996266,2.94508980234,101.304378946,1734609381.82
8.67639295384,2.94509038632,101.304379244,1734609381.87
8.73341321293,2.94509081219,101.304379674,1734609381.93
8.75770769268,2.94509131855,101.304379977,1734609381.97
8.7398207318,2.9450917867,101.304380205,1734609382.06
8.71192485746,2.94509194287,101.304380324,1734609382.08
8.71407955512,2.94509220023,101.304380465,1734609382.14
8.68802058883,2.94509254114,101.304380561,1734609382.19
8.67011859175,2.94509290903,101.304380736,1734609382.24
8.61461431254,2.94509368544,101.304381033,1734609382.28
8.58391697891,2.94509389849,101.304381189,1734609382.33
8.57422372606,2.94509425637,101.304381494,1734609382.37
9.03923944477,2.94509471116,101.304382683,1734609382.44
9.09843125567,2.94509510217,101.304382926,1734609382.5
8.97255346179,2.94509668736,101.304383112,1734609382.54
9.09381586593,2.94509681253,101.304383454,1734609382.57
9.11760514416,2.94509768635,101.304383935,1734609382.63
9.22349353135,2.94509813093,101.304384387,1734609382.68
9.65108848643,2.94509638145,101.304384888,1734609382.72
9.08963448554,2.9450995171,101.30438466,1734609382.78
9.09919922799,2.94509997528,101.304384979,1734609382.83
9.12299296912,2.94510058812,101.304385252,1734609382.87
9.04288616125,2.94510135028,101.304385346,1734609382.93
9.06120387278,2.94510175046,101.304385747,1734609382.97
9.03912013676,2.94510252983,101.304386032,1734609383.05
9.05730464682,2.94510283871,101.304386141,1734609383.07
9.06035753619,2.94510330209,101.304386381,1734609383.14
9.05169545673,2.94510405304,101.304386764,1734609383.18
9.05777711514,2.94510473977,101.304386967,1734609383.22
9.03513784427,2.94510533117,101.304387158,1734609383.27
9.08119408321,2.94510549733,101.304387441,1734609383.32
9.10248391982,2.94510570602,101.304387625,1734609383.37
9.16592314746,2.94510591259,101.304387839,1734609383.45
9.17041177582,2.94510598223,101.304387905,1734609383.48
9.17133674026,2.94510597331,101.304387927,1734609383.53
9.17116027139,2.94510596972,101.304387903,1734609383.57
9.17922271974,2.94510593935,101.304387936,1734609383.69
9.1750891367,2.94510581585,101.304387907,1734609383.72
9.1728336513,2.94510573441,101.304387888,1734609383.78
9.16154543776,2.94510565726,101.304387791,1734609383.83
9.15464199707,2.9451056623,101.304387719,1734609383.87
9.1598896198,2.94510569369,101.304387713,1734609383.95
9.15992262028,2.94510580186,101.304387744,1734609383.97
9.17302149534,2.94510592429,101.304387879,1734609384.05
9.1713729687,2.94510604228,101.304388044,1734609384.07
9.17000764981,2.94510615362,101.304388148,1734609384.13
9.17011751886,2.94510625133,101.304388206,1734609384.17
9.15723078698,2.94510631834,101.304388186,1734609384.22
9.16183156893,2.94510626715,101.304388164,1734609384.27
9.15408805571,2.94510641381,101.304388193,1734609384.32
9.15674151294,2.94510648089,101.304388251,1734609384.37
9.17246853653,2.94510659414,101.30438834,1734609384.43
9.24819586519,2.9451066115,101.304388663,1734609384.48
9.25529851858,2.94510673358,101.304388774,1734609384.54
9.21585493162,2.94510689832,101.304388765,1734609384.57
9.26233935356,2.94510684056,101.304388841,1734609384.67
9.25502915028,2.94510710103,101.304388965,1734609384.69
9.25592924003,2.94510721162,101.304389047,1734609384.73
9.23759221099,2.94510747201,101.304389074,1734609384.78
9.22709489334,2.94510757372,101.304389129,1734609384.83
9.23275572713,2.94510772836,101.304389215,1734609384.88
9.21927142609,2.94510768135,101.304389072,1734609384.92
9.13112490438,2.94510840125,101.304389275,1734609384.98
9.09275605995,2.94510868499,101.304389328,1734609385.05
9.09693663195,2.94510873271,101.304389389,1734609385.07
9.09368908033,2.94510875139,101.304389409,1734609385.12
9.09982550889,2.94510877589,101.304389419,1734609385.17
9.09740637708,2.94510874472,101.304389413,1734609385.23
9.09842354059,2.94510875268,101.304389407,1734609385.28
9.09954849351,2.94510874121,101.304389374,1734609385.35
9.10208602343,2.94510872362,101.304389374,1734609385.38
9.10007116757,2.94510869947,101.304389354,1734609385.43
9.10310577136,2.94510865629,101.304389304,1734609385.48
9.09713455755,2.94510867572,101.3043893,1734609385.58
9.08784547914,2.94510871462,101.304389297,1734609385.63
9.08920033276,2.94510877726,101.304389364,1734609385.67
9.08785874955,2.94510878328,101.304389431,1734609385.72
9.10131852701,2.94510880636,101.304389493,1734609385.79
9.12394338753,2.94510891907,101.304389569,1734609385.82
9.12987549324,2.94510899553,101.304389661,1734609385.87
9.12500829156,2.94510907247,101.304389651,1734609385.93
9.1512931576,2.94510911612,101.304389859,1734609385.97
9.13765006233,2.94510913553,101.304389854,1734609386.05
9.14629629347,2.94510914797,101.304389871,1734609386.07
9.14794970304,2.94510918231,101.304389881,1734609386.12
9.14072593767,2.94510918375,101.304389914,1734609386.17
9.1473212447,2.94510917124,101.304389884,1734609386.23
9.14782515448,2.94510912915,101.304389856,1734609386.27
9.14982518554,2.94510904601,101.304389809,1734609386.32
9.14892159961,2.94510904972,101.304389803,1734609386.38
9.13953144755,2.94510902862,101.304389804,1734609386.43
9.14453276992,2.94510909041,101.304389826,1734609386.48
9.14414344076,2.94510913359,101.304389856,1734609386.53
9.14907328319,2.94510914946,101.304389875,1734609386.57
9.14923120383,2.94510915289,101.304389907,1734609386.62
9.14334869757,2.94510913526,101.304389875,1734609386.67
9.14542741235,2.94510914483,101.304389849,1734609386.75
9.14982890338,2.94510912039,101.304389859,1734609386.8
9.14530682657,2.94510910394,101.304389848,1734609386.83
9.14776854403,2.94510909216,101.304389858,1734609386.87
9.14706888981,2.94510911303,101.304389866,1734609386.92
9.14385438804,2.94510911811,101.304389861,1734609386.99
9.15029670764,2.94510915144,101.304389852,1734609387.06
9.15386630222,2.94510918015,101.304389875,1734609387.09
9.14791062381,2.94510914366,101.304389857,1734609387.12
9.14574744273,2.94510914159,101.304389869,1734609387.17
9.14239396621,2.94510912822,101.304389869,1734609387.24
9.15095523,2.94510914248,101.30438985,1734609387.27
9.14839897119,2.94510913528,101.304389858,1734609387.34
9.15075643547,2.9451091341,101.304389839,1734609387.4
9.14562315401,2.94510913595,101.304389845,1734609387.42
9.14696266036,2.94510915211,101.304389872,1734609387.48
9.14533959888,2.94510915597,101.30438988,1734609387.53
9.14890335407,2.94510917141,101.304389861,1734609387.58
9.1543442253,2.94510917497,101.304389861,1734609387.63
9.14607407153,2.94510915727,101.304389853,1734609387.67
9.14583112206,2.94510912743,101.304389864,1734609387.73
9.1508818157,2.94510912875,101.304389866,1734609387.78
9.14772889763,2.94510913834,101.304389854,1734609387.83
9.15144720301,2.94510915154,101.304389847,1734609387.89
9.15532669704,2.94510915321,101.304389859,1734609387.94
9.14815384522,2.94510915228,101.304389853,1734609387.97
9.14793257788,2.94510915896,101.304389861,1734609388.05
9.15038722847,2.94510917693,101.304389882,1734609388.07
9.15038020723,2.94510915735,101.304389853,1734609388.14
9.14953537844,2.94510915578,101.30438986,1734609388.19
9.15436550975,2.94510914987,101.304389862,1734609388.23
9.15082893707,2.94510916061,101.304389866,1734609388.27
9.15215101559,2.94510914361,101.304389858,1734609388.33
9.15274950676,2.94510913895,101.304389871,1734609388.37
9.15131174121,2.94510915843,101.30438988,1734609388.42
9.15252835955,2.94510916732,101.304389878,1734609388.47
9.15234083775,2.94510917315,101.304389875,1734609388.56
9.15152130835,2.9451091792,101.304389876,1734609388.58
9.15226690751,2.94510916403,101.304389851,1734609388.63
9.15701713227,2.94510916351,101.304389876,1734609388.67
9.15475102235,2.94510915383,101.304389866,1734609388.73
9.15735232644,2.94510916777,101.304389869,1734609388.78
9.15270909388,2.94510916261,101.304389862,1734609388.82
9.15624715947,2.94510918268,101.304389879,1734609388.87
9.156898777,2.945109175,101.304389858,1734609388.93
9.15429234412,2.94510916896,101.304389871,1734609388.98
9.15897173155,2.94510917145,101.30438987,1734609389.04
9.15785382967,2.94510916412,101.304389872,1734609389.15
9.15386334714,2.94510916535,101.304389867,1734609389.17
9.15241049696,2.94510916987,101.304389855,1734609389.22
9.15640841424,2.94510917105,101.304389877,1734609389.28
9.15577238239,2.9451091743,101.304389873,1734609389.33
9.1600866979,2.94510918361,101.304389877,1734609389.38
9.15495537873,2.94510916579,101.304389868,1734609389.44
9.15573016647,2.94510917628,101.304389874,1734609389.48
9.15789335314,2.94510917583,101.304389865,1734609389.54
9.15580896568,2.94510917834,101.304389863,1734609389.62
9.15706064645,2.94510917475,101.304389877,1734609389.64
9.1580495527,2.94510918016,101.304389877,1734609389.67
9.15702008922,2.94510917888,101.304389893,1734609389.73
9.15775991045,2.94510918692,101.304389879,1734609389.77
9.15304582659,2.94510917074,101.30438987,1734609389.83
9.16089366935,2.94510918203,101.304389893,1734609389.87
9.16524292435,2.94510918637,101.304389887,1734609389.92
9.16129080113,2.94510918497,101.304389884,1734609389.97
9.15853810683,2.94510916017,101.304389875,1734609390.05
9.15917589329,2.94510917654,101.304389886,1734609390.07
9.16234091017,2.94510917683,101.30438989,1734609390.13
9.15865382645,2.94510917385,101.304389891,1734609390.17
9.15922598261,2.94510917343,101.304389889,1734609390.23
9.15806018189,2.94510916413,101.304389877,1734609390.27
9.1607357217,2.94510918355,101.304389885,1734609390.32
9.16095295921,2.9451091825,101.304389889,1734609390.37
9.15826725494,2.94510916001,101.304389895,1734609390.42
9.15959430858,2.94510917513,101.304389892,1734609390.47
9.16270910297,2.94510917864,101.304389883,1734609390.54
9.16338762827,2.94510917366,101.304389896,1734609390.57
9.16341494024,2.94510916906,101.304389886,1734609390.63
9.1579850968,2.94510916841,101.304389883,1734609390.68
9.16616721824,2.94510918379,101.304389901,1734609390.74
9.1671775952,2.94510918356,101.304389904,1734609390.77
9.1662873216,2.9451091726,101.3043899,1734609390.84
9.16083923914,2.94510916673,101.304389884,1734609390.87
9.16291806661,2.94510917276,101.304389913,1734609390.93
9.16684458591,2.94510919331,101.304389892,1734609390.97
9.16071978863,2.945109187,101.304389895,1734609391.04
9.1592604192,2.94510916416,101.304389901,1734609391.07
9.1655808473,2.94510919035,101.304389898,1734609391.14
9.16694007628,2.94510919989,101.304389919,1734609391.18
9.15963076986,2.94510916878,101.304389904,1734609391.23
9.16037557553,2.94510916961,101.304389882,1734609391.29
9.16381602269,2.94510918122,101.304389896,1734609391.33
9.16492513847,2.94510918075,101.304389909,1734609391.38
9.16284781136,2.94510919389,101.304389886,1734609391.43
9.1632756386,2.94510917094,101.304389902,1734609391.48
9.16527620703,2.94510918958,101.304389914,1734609391.55
9.1675541969,2.94510918489,101.304389908,1734609391.57
9.16565241199,2.94510919525,101.304389919,1734609391.63
9.16418938525,2.94510920117,101.304389922,1734609391.67
9.1665121261,2.94510919025,101.30438991,1734609391.73
9.16029858403,2.94510917579,101.304389909,1734609391.78
9.15905398782,2.94510917137,101.304389901,1734609391.82
9.16125145368,2.94510917986,101.30438991,1734609391.87
9.16271740384,2.94510919246,101.304389907,1734609391.94
9.16292713303,2.94510919988,101.304389916,1734609391.98
9.1651937291,2.94510918115,101.304389909,1734609392.06
9.16426100675,2.9451091796,101.304389914,1734609392.07
9.16021822952,2.94510918196,101.304389903,1734609392.13
9.16252720449,2.94510917291,101.304389897,1734609392.18
9.16222590115,2.94510918942,101.304389926,1734609392.23
9.16445246898,2.94510917133,101.304389919,1734609392.28
9.16460543405,2.94510919058,101.304389917,1734609392.32
9.16217434965,2.94510917304,101.304389911,1734609392.37
9.15408604406,2.94510916802,101.304389898,1734609392.43
9.16111623589,2.94510918175,101.304389912,1734609392.47
9.16435779538,2.94510918593,101.304389915,1734609392.54
9.16430108715,2.94510917905,101.304389916,1734609392.57
9.16441613156,2.94510917419,101.304389913,1734609392.63
9.16457173787,2.94510919059,101.304389924,1734609392.71
9.16870363243,2.9451091837,101.304389926,1734609392.73
9.16388827935,2.94510918575,101.304389916,1734609392.79
9.16650665179,2.94510917312,101.304389926,1734609392.82
9.16576630436,2.94510917669,101.304389924,1734609392.87
9.1634785952,2.94510917469,101.304389925,1734609392.93
9.16780397296,2.94510918407,101.304389914,1734609392.98
9.16162772197,2.9451091641,101.304389911,1734609393.06
9.16466676444,2.94510917941,101.304389923,1734609393.08
9.16589486506,2.94510917125,101.304389922,1734609393.12
9.163879022,2.94510917781,101.304389923,1734609393.17
9.16380317882,2.94510917281,101.304389909,1734609393.23
9.1648560483,2.94510918395,101.304389914,1734609393.27
9.1628884552,2.94510916323,101.304389912,1734609393.32
9.16314428207,2.94510916258,101.304389904,1734609393.37
9.16415439826,2.9451091781,101.304389916,1734609393.43
9.16443915479,2.94510917496,101.30438991,1734609393.47
9.16424063407,2.94510917371,101.304389919,1734609393.53
9.16452035494,2.94510917642,101.3043899,1734609393.58
9.15970625635,2.9451091622,101.304389904,1734609393.63
9.16530859284,2.94510917721,101.304389916,1734609393.67
9.16298231855,2.94510917202,101.304389897,1734609393.74
9.1607675897,2.94510916041,101.304389884,1734609393.78
9.16605659388,2.9451091678,101.304389909,1734609393.83
9.16124267969,2.94510916124,101.304389901,1734609393.87
9.16464289278,2.94510917048,101.304389902,1734609393.92
9.16217286419,2.94510916613,101.304389913,1734609393.97
9.15917026345,2.94510917441,101.304389893,1734609394.05
9.16459945403,2.94510916939,101.304389914,1734609394.09
9.16349631641,2.94510916116,101.304389911,1734609394.12
9.15554259531,2.94510916623,101.304389893,1734609394.17
9.16139914095,2.94510916361,101.304389915,1734609394.24
9.158542905,2.94510916221,101.304389924,1734609394.27
9.16112473328,2.94510915946,101.304389891,1734609394.32
9.16058728378,2.94510916422,101.304389904,1734609394.37
9.16257058736,2.94510916492,101.304389902,1734609394.43
9.16219347157,2.94510917343,101.304389909,1734609394.47
9.15986183286,2.94510914878,101.304389898,1734609394.54
9.16465964727,2.945109148,101.304389902,1734609394.65
9.16469929181,2.94510916172,101.304389908,1734609394.67
9.16145210993,2.9451091806,101.304389909,1734609394.72
9.15587008838,2.94510916217,101.304389886,1734609394.77
9.15768411756,2.94510916161,101.304389899,1734609394.83
9.16216372885,2.94510915144,101.304389878,1734609394.89
9.15614633355,2.94510915754,101.304389882,1734609394.93
9.15953731444,2.94510915673,101.304389884,1734609394.97
9.15687328018,2.94510916674,101.304389897,1734609395.05
9.16116923094,2.94510917664,101.304389911,1734609395.07
9.1604652293,2.94510918555,101.3043899,1734609395.12
9.15856807586,2.94510916205,101.304389886,1734609395.17
9.16188811231,2.94510915579,101.304389895,1734609395.24
9.15816865209,2.94510916122,101.304389889,1734609395.27
9.15944932029,2.94510917071,101.304389891,1734609395.32
9.15851676278,2.94510914279,101.30438989,1734609395.4
9.16095721256,2.94510915705,101.304389892,1734609395.44
9.16051770374,2.94510916321,101.304389896,1734609395.48
9.16227071267,2.94510916936,101.304389882,1734609395.55
9.16542975418,2.94510916158,101.304389888,1734609395.58
9.16193173174,2.94510916711,101.304389902,1734609395.63
9.15952045936,2.945109173,101.304389896,1734609395.69
9.15532253869,2.94510914874,101.304389881,1734609395.73
9.15821041167,2.94510916164,101.304389886,1734609395.77
9.16203337628,2.94510916102,101.304389893,1734609395.83
9.16559583601,2.9451091683,101.304389889,1734609395.87
9.16072308831,2.94510916329,101.304389899,1734609395.93
9.16260605212,2.94510915817,101.304389873,1734609395.98
9.16409339197,2.94510916382,101.304389883,1734609396.05
9.16124232486,2.94510917152,101.304389889,1734609396.08
9.16341991629,2.94510918112,101.3043899,1734609396.14
9.16064000875,2.94510916093,101.304389886,1734609396.18
9.16219298262,2.94510915532,101.304389872,1734609396.23
9.16442113556,2.94510915285,101.304389893,1734609396.28
9.16119014006,2.94510917273,101.304389887,1734609396.32
9.16056743916,2.94510914554,101.304389885,1734609396.37
9.16327915527,2.94510915695,101.304389901,1734609396.43
9.1614401266,2.9451091634,101.304389875,1734609396.49
9.16766314115,2.94510917428,101.304389912,1734609396.54
9.16753610969,2.94510916218,101.304389897,1734609396.57
9.16538126767,2.94510917266,101.304389898,1734609396.63
9.16586610582,2.94510916221,101.30438988,1734609396.67
9.16678453982,2.94510915796,101.304389887,1734609396.73
9.16731457971,2.94510916355,101.304389896,1734609396.8
9.16533843148,2.9451091664,101.304389898,1734609396.82
9.16608754173,2.94510917009,101.304389907,1734609396.87
9.16647093091,2.94510918462,101.304389898,1734609396.93
9.16552971117,2.94510915842,101.30438989,1734609396.97
9.16441246681,2.94510916791,101.304389888,1734609397.04
9.16951697227,2.945109161,101.304389892,1734609397.07
9.16851403005,2.94510917875,101.304389886,1734609397.12
9.165323806,2.94510915155,101.304389882,1734609397.17
9.16849105898,2.94510917969,101.304389885,1734609397.23
9.16338552907,2.94510917455,101.304389873,1734609397.26
9.16733048856,2.94510917495,101.304389886,1734609397.33
9.16451703664,2.94510918309,101.304389895,1734609397.38
9.16742183454,2.94510917481,101.304389884,1734609397.44
9.16461237334,2.94510918848,101.304389888,1734609397.47
9.16561618447,2.94510917574,101.304389883,1734609397.54
9.17038853094,2.9451091746,101.30438988,1734609397.58
9.1662404174,2.94510917007,101.30438987,1734609397.63
9.16723965853,2.94510917013,101.304389898,1734609397.68
9.16619622614,2.94510917826,101.304389902,1734609397.72
9.16576013155,2.94510916342,101.304389873,1734609397.78
9.16739595681,2.94510917627,101.304389888,1734609397.85
9.16897842381,2.9451091781,101.304389871,1734609397.87
9.16896169819,2.94510917427,101.304389874,1734609397.92
9.16417442914,2.9451091751,101.304389879,1734609397.97
9.16454679985,2.94510916453,101.304389873,1734609398.05
9.16090271901,2.94510916515,101.30438988,1734609398.07
9.1656917939,2.94510916786,101.304389877,1734609398.13
9.16428139247,2.94510917853,101.304389875,1734609398.18
9.16714559961,2.94510917014,101.304389895,1734609398.22
9.169676424,2.9451091648,101.304389888,1734609398.27
9.1642246861,2.94510917845,101.304389889,1734609398.35
9.16044573952,2.94510916505,101.30438988,1734609398.4
9.16196191404,2.94510916044,101.30438988,1734609398.48
9.16397050954,2.94510915836,101.304389867,1734609398.48
9.16553531867,2.94510916993,101.304389871,1734609398.58
9.16103397682,2.94510916042,101.304389869,1734609398.7
9.16340642329,2.94510917518,101.304389888,1734609398.75
9.1616222132,2.94510916684,101.304389888,1734609398.78
9.16582226288,2.9451091749,101.304389885,1734609398.82
9.16383534856,2.94510916828,101.304389873,1734609398.87
9.16605484858,2.94510916694,101.304389875,1734609398.92
9.16274611838,2.94510915916,101.304389889,1734609398.98
9.16602041014,2.94510917101,101.304389886,1734609399.05
9.16113971919,2.94510916702,101.30438988,1734609399.08
9.15946502425,2.94510916308,101.304389858,1734609399.13
9.16066167876,2.94510916643,101.304389876,1734609399.17
9.1634696098,2.94510917175,101.304389863,1734609399.24
9.16353361029,2.94510915758,101.304389894,1734609399.27
9.16072731558,2.94510916796,101.304389871,1734609399.32
9.15936965402,2.94510914813,101.304389869,1734609399.37
9.16256012861,2.94510916992,101.304389888,1734609399.43
9.16478946153,2.94510916836,101.304389899,1734609399.47
9.15915309358,2.94510915392,101.304389875,1734609399.53
9.15928612277,2.94510917153,101.304389875,1734609399.58
9.15819438174,2.94510917504,101.304389875,1734609399.63
9.15872410033,2.94510915591,101.304389884,1734609399.68
9.16113013867,2.94510916615,101.304389879,1734609399.72
9.15853012074,2.94510917092,101.304389874,1734609399.77
9.15906597115,2.94510915427,101.304389894,1734609399.83
9.15545984171,2.94510915306,101.304389877,1734609399.87
9.15744487569,2.94510916088,101.304389891,1734609399.93
9.16281712707,2.94510916753,101.304389893,1734609399.97
9.15788828861,2.94510916245,101.304389873,1734609400.06
9.15673741233,2.9451091528,101.304389877,1734609400.09
9.16181964707,2.94510917592,101.304389871,1734609400.13
9.16085898038,2.94510918055,101.304389874,1734609400.17
9.15963343903,2.94510916162,101.304389877,1734609400.23
9.15989925992,2.94510916217,101.304389868,1734609400.28
9.16953277308,2.94510917928,101.304389898,1734609400.33
9.15276087355,2.94510915191,101.304389876,1734609400.37
9.16055742186,2.94510917571,101.304389867,1734609400.43
9.15915693808,2.94510916647,101.304389875,1734609400.47
9.15991078503,2.94510915661,101.304389868,1734609400.53
9.15847310983,2.94510915579,101.30438986,1734609400.57
9.15393328946,2.94510914743,101.304389863,1734609400.63
9.15606549941,2.94510916789,101.304389865,1734609400.68
9.15621287934,2.94510916969,101.304389869,1734609400.73
9.15792349912,2.9451091494,101.304389849,1734609400.77
9.15875092335,2.94510915122,101.30438987,1734609400.84
9.15720390156,2.945109152,101.304389867,1734609400.87
9.15604395233,2.94510916675,101.304389883,1734609400.94
9.15517847892,2.94510915628,101.304389866,1734609400.98
9.15647220053,2.9451091529,101.304389897,1734609401.05
9.15923212469,2.94510915634,101.304389878,1734609401.07
9.15708619542,2.9451091485,101.304389866,1734609401.12
9.1546983989,2.94510915413,101.304389873,1734609401.17
9.15551145654,2.94510917017,101.30438988,1734609401.22
9.15712668747,2.94510915148,101.30438987,1734609401.27
9.15833457652,2.94510916872,101.30438988,1734609401.32
9.15296458546,2.94510914916,101.304389856,1734609401.38
9.15746635199,2.9451091488,101.304389851,1734609401.42
9.16119878925,2.94510916049,101.30438987,1734609401.47
9.1553800432,2.94510914716,101.304389883,1734609401.57
9.15398597252,2.94510914327,101.304389891,1734609401.62
9.15899285208,2.94510918068,101.304389871,1734609401.67
9.16320536006,2.94510917265,101.304389892,1734609401.77
9.15665902849,2.94510914241,101.304389871,1734609401.81
9.15963468794,2.9451091603,101.30438986,1734609401.83
9.15340176318,2.9451091686,101.304389884,1734609401.91
9.15824179631,2.94510915766,101.304389865,1734609401.93
9.15730164107,2.94510914758,101.304389866,1734609401.97
9.151737337,2.945109136,101.304389861,1734609402.06
9.15304597095,2.94510914263,101.304389871,1734609402.08
9.1565420758,2.94510915136,101.304389868,1734609402.14
9.15894342121,2.94510916071,101.304389858,1734609402.17
9.15739259683,2.94510915404,101.304389876,1734609402.25
9.15330705792,2.945109149,101.304389869,1734609402.27
9.15285407193,2.94510913588,101.304389864,1734609402.32
9.15834403038,2.94510916971,101.30438987,1734609402.37
9.14753098786,2.94510912742,101.304389858,1734609402.42
9.15648049768,2.94510915555,101.304389867,1734609402.47
9.15405680984,2.94510914868,101.304389853,1734609402.53
9.15851022117,2.94510915779,101.304389874,1734609402.57
9.15922422521,2.94510915942,101.304389869,1734609402.63
9.15824002773,2.94510914393,101.304389855,1734609402.67
9.15841537155,2.94510915248,101.304389865,1734609402.73
9.16756267846,2.94510916818,101.304389873,1734609402.77
9.16288478207,2.94510916362,101.304389875,1734609402.84
9.15897330735,2.94510914705,101.304389862,1734609402.87
9.15822438896,2.9451091519,101.30438985,1734609402.93
9.15658130962,2.94510915076,101.304389871,1734609402.98
9.15719195176,2.94510915345,101.30438987,1734609403.05
9.1537647564,2.94510915235,101.304389867,1734609403.08
9.15941978432,2.94510914882,101.304389879,1734609403.12
9.15063837264,2.9451091399,101.304389862,1734609403.17
9.15420290735,2.94510914015,101.304389872,1734609403.25
9.1572099058,2.94510914216,101.304389869,1734609403.27
9.15328131057,2.94510912689,101.304389864,1734609403.33
9.14938366134,2.94510911972,101.304389845,1734609403.38
9.15278387163,2.94510911948,101.304389854,1734609403.43
9.15044889506,2.94510912944,101.304389855,1734609403.47
9.14100613538,2.94510911611,101.304389848,1734609403.53
9.1549112862,2.94510916188,101.304389854,1734609403.58
9.15062742308,2.94510914807,101.304389863,1734609403.62
9.14637835976,2.94510912436,101.304389853,1734609403.68
9.14553996176,2.94510912611,101.304389835,1734609403.72
9.15310495161,2.94510915143,101.304389844,1734609403.77
9.14961517602,2.94510914884,101.304389844,1734609403.88
9.14571196679,2.9451091394,101.304389831,1734609403.92
9.1452608835,2.94510913093,101.304389841,1734609403.97
9.15077665076,2.94510913533,101.304389843,1734609404.04
9.14583699498,2.94510912043,101.304389826,1734609404.07
9.15080689825,2.94510913146,101.304389832,1734609404.12
9.15206311177,2.94510915827,101.304389837,1734609404.17
9.15206298791,2.94510914133,101.304389831,1734609404.25
9.15302071813,2.9451091372,101.304389854,1734609404.28
9.15692511667,2.94510914993,101.304389843,1734609404.32
9.14566399902,2.94510915373,101.304389833,1734609404.37
9.153877181,2.94510917246,101.304389834,1734609404.42
9.14976207539,2.94510914622,101.304389818,1734609404.47
9.14407158922,2.9451091289,101.304389804,1734609404.55
9.15021418594,2.94510914445,101.304389801,1734609404.58
9.14943241607,2.94510914575,101.304389824,1734609404.63
9.1455581896,2.94510914776,101.304389837,1734609404.68
9.1453656042,2.94510912139,101.30438984,1734609404.73
9.14933830127,2.94510914414,101.30438984,1734609404.78
9.14720350411,2.94510913545,101.304389824,1734609404.83
9.14984551538,2.94510913257,101.304389811,1734609404.88
9.15123244189,2.94510913822,101.304389829,1734609404.92
9.15365702007,2.9451091461,101.304389834,1734609404.98
9.14651236031,2.9451091469,101.304389818,1734609405.05
9.15097296797,2.94510914227,101.304389806,1734609405.07
9.14761241991,2.94510914048,101.304389801,1734609405.12
9.15110824909,2.94510913275,101.304389782,1734609405.17
9.15552753955,2.94510914902,101.304389815,1734609405.23
9.14540551696,2.94510911728,101.30438981,1734609405.27
9.16308505367,2.94510914066,101.304389809,1734609405.34
9.15433056839,2.9451091606,101.304389823,1734609405.38
9.15056228451,2.94510914476,101.304389825,1734609405.43
9.1504777642,2.94510914238,101.304389821,1734609405.47
9.15572344884,2.94510915262,101.30438983,1734609405.53
9.14918648452,2.94510913717,101.304389817,1734609405.57
9.15103397705,2.94510914329,101.304389808,1734609405.62
9.15205337014,2.94510912916,101.30438979,1734609405.68
9.14451871254,2.94510914416,101.304389793,1734609405.74
9.1511563221,2.94510913992,101.304389796,1734609405.78
9.14334669523,2.94510911918,101.304389776,1734609405.83
9.14450763166,2.94510912664,101.304389799,1734609405.89
9.14731383976,2.94510912832,101.304389802,1734609405.93
9.1437055096,2.94510911409,101.30438979,1734609405.97
9.14981294982,2.94510913191,101.304389807,1734609406.05
9.15444135666,2.94510914658,101.304389797,1734609406.08
9.14388231374,2.94510911991,101.304389787,1734609406.15
9.14782024361,2.94510910627,101.304389784,1734609406.17
9.14586861338,2.94510910685,101.304389778,1734609406.27
9.14685848542,2.94510911569,101.304389781,1734609406.27
9.14816704486,2.94510912753,101.30438977,1734609406.33
9.14010730013,2.94510913729,101.304389791,1734609406.38
9.14669602457,2.94510912828,101.304389779,1734609406.45
9.14827588294,2.94510911643,101.304389778,1734609406.49
9.14534244873,2.94510911118,101.304389792,1734609406.55
9.14293669723,2.94510912473,101.304389798,1734609406.58
9.15085262246,2.94510911967,101.304389787,1734609406.65
9.15217653755,2.94510913168,101.304389799,1734609406.67
9.1473083524,2.94510913836,101.3043898,1734609406.72
9.14368382748,2.94510913286,101.304389789,1734609406.77
9.14331427682,2.9451091135,101.304389784,1734609406.83
9.14851703122,2.94510912645,101.304389803,1734609406.87
9.14776150696,2.94510912897,101.304389786,1734609406.93
9.1493282821,2.9451091405,101.304389786,1734609406.97
9.14721476659,2.94510914008,101.304389811,1734609407.05
9.15118991211,2.94510913903,101.304389817,1734609407.08
9.14726871904,2.94510913149,101.304389812,1734609407.12
9.14671865851,2.94510911965,101.304389799,1734609407.17
9.14408642426,2.94510913961,101.304389803,1734609407.24
9.14923683088,2.94510914443,101.304389797,1734609407.26
9.1415035231,2.94510911253,101.304389798,1734609407.32
9.14506770577,2.94510914654,101.304389797,1734609407.37
9.14477499295,2.94510913591,101.304389791,1734609407.43
9.14659026451,2.94510913992,101.304389781,1734609407.48
9.14772883616,2.94510913003,101.304389792,1734609407.54
9.14706207253,2.94510912515,101.304389798,1734609407.58
9.15264869016,2.94510913981,101.304389821,1734609407.63
9.14750301465,2.9451091208,101.304389799,1734609407.68
9.15085145179,2.94510913323,101.304389805,1734609407.74
9.15010340326,2.94510914656,101.304389817,1734609407.78
9.15363745391,2.94510913237,101.304389808,1734609407.84
9.14822795242,2.94510912355,101.304389811,1734609407.88
9.14094024803,2.94510912331,101.304389788,1734609407.92
9.15003701579,2.94510913031,101.304389794,1734609407.97
9.15120956767,2.94510913445,101.30438981,1734609408.05
9.14580080658,2.94510912673,101.304389823,1734609408.08
9.15148596093,2.94510914007,101.304389819,1734609408.12
9.14932511561,2.94510914271,101.304389822,1734609408.17
9.15330637619,2.94510912916,101.304389819,1734609408.23
9.14998479187,2.94510914162,101.304389815,1734609408.27
9.15611162037,2.94510915131,101.304389807,1734609408.33
9.15262259915,2.94510912926,101.304389808,1734609408.37
9.15094964392,2.94510913592,101.304389796,1734609408.44
9.15551211685,2.94510913907,101.304389811,1734609408.48
9.14848753717,2.94510910532,101.304389809,1734609408.54
9.15165230911,2.94510913848,101.304389814,1734609408.58
9.14944934938,2.94510912096,101.304389808,1734609408.63
9.15336400364,2.94510913842,101.304389801,1734609408.67
9.14905215707,2.94510914836,101.304389822,1734609408.73
9.15191110969,2.94510913924,101.304389824,1734609408.78
9.15023949556,2.94510912103,101.304389816,1734609408.85
9.14783791639,2.94510913942,101.304389811,1734609408.88
9.14488895983,2.94510912041,101.304389794,1734609408.92
9.14340199344,2.94510911682,101.304389795,1734609408.97
9.15241301153,2.94510912922,101.304389819,1734609409.05
9.14901771676,2.94510912278,101.304389807,1734609409.07
9.1492654793,2.94510910722,101.304389813,1734609409.12
9.15182206966,2.94510912375,101.304389846,1734609409.17
9.1508079255,2.94510912502,101.304389831,1734609409.23
9.15374837164,2.94510914015,101.30438983,1734609409.27
9.14326448366,2.94510912977,101.304389817,1734609409.32
9.15376678761,2.94510913413,101.304389815,1734609409.41
9.15201378241,2.94510913913,101.304389818,1734609409.43
9.14930764213,2.94510912638,101.304389803,1734609409.47
9.14619658329,2.94510912065,101.304389816,1734609409.54
29.0350415604,2.94502390075,101.304478322,1734609409.57
29.0442510108,2.94502389917,101.304478327,1734609409.72
29.0381281655,2.94502387249,101.30447833,1734609409.77
29.04045243,2.94502387575,101.304478342,1734609409.83
29.0364906872,2.94502387498,101.304478342,1734609409.87
29.0410801722,2.94502388795,101.304478342,1734609409.92
29.0342827924,2.94502388992,101.304478325,1734609409.98
29.0255189715,2.94502388558,101.304478319,1734609410.05
29.0328485575,2.94502388086,101.30447831,1734609410.08
29.0350803519,2.94502387739,101.304478331,1734609410.13
29.0417064885,2.94502390583,101.304478349,1734609410.17
29.0390702607,2.94502388119,101.304478348,1734609410.23
29.038404203,2.94502388564,101.304478362,1734609410.27
29.0370081645,2.94502388358,101.304478357,1734609410.33
28.9820424095,2.94502378463,101.304478326,1734609410.38
28.9882297628,2.94502376099,101.304478305,1734609410.45
28.9798069652,2.94502374746,101.304478321,1734609410.47
28.9840753991,2.94502375709,101.304478307,1734609410.53
28.9854810527,2.94502377519,101.304478308,1734609410.57
28.987959587,2.94502376699,101.304478313,1734609410.62
28.9775448218,2.94502374706,101.30447832,1734609410.67
28.9860095801,2.94502377365,101.304478309,1734609410.72
28.9939569766,2.94502378515,101.304478339,1734609410.79
28.9810100868,2.94502376208,101.304478359,1734609410.84
28.9851594884,2.94502373745,101.304478354,1734609410.87
28.9778050305,2.94502375708,101.304478363,1734609410.92
28.9732076116,2.94502375935,101.304478354,1734609410.97
28.9711339921,2.94502375749,101.304478362,1734609411.05
28.973307997,2.9450237401,101.304478358,1734609411.09
28.9777584355,2.94502374631,101.304478358,1734609411.15
28.9690654427,2.94502376082,101.304478394,1734609411.17
28.9687407799,2.9450237246,101.304478363,1734609411.24
28.9777021948,2.94502374553,101.304478347,1734609411.27
28.9983642409,2.94502393111,101.304478442,1734609411.33
28.9911893941,2.94502390818,101.304478453,1734609411.38
28.9902824406,2.94502391763,101.304478455,1734609411.48
28.9926820118,2.94502391633,101.304478472,1734609411.48
28.9894750742,2.94502391028,101.304478445,1734609411.53
28.9954452375,2.9450239342,101.304478447,1734609411.58
28.9906663457,2.94502391513,101.304478418,1734609411.63
28.9941327656,2.94502392017,101.304478417,1734609411.68
28.9867000068,2.94502390061,101.304478421,1734609411.72
28.9850382404,2.94502389661,101.304478442,1734609411.77
28.9948727395,2.94502390854,101.304478471,1734609411.82
28.9917649319,2.94502391053,101.304478457,1734609411.88
28.9888006235,2.94502390126,101.304478451,1734609411.94
28.9905296108,2.94502389826,101.304478444,1734609411.98
28.98229298,2.94502389711,101.30447845,1734609412.05
28.9914022638,2.94502391099,101.304478448,1734609412.08
28.9985095905,2.94502392332,101.304478422,1734609412.13
28.9855845114,2.94502389409,101.304478429,1734609412.17
28.9858806888,2.94502391405,101.304478416,1734609412.26
28.9895940563,2.94502390079,101.304478409,1734609412.27
28.9856155077,2.94502390075,101.304478347,1734609412.34
28.9834091663,2.94502388883,101.304478351,1734609412.37
28.9819904678,2.94502387221,101.304478345,1734609412.43
28.9798951903,2.94502386394,101.304478368,1734609412.47
28.9834111547,2.94502386363,101.304478363,1734609412.55
28.9839129224,2.94502388015,101.304478362,1734609412.57
28.9776917491,2.94502385726,101.304478336,1734609412.62
28.9817646667,2.94502388415,101.304478353,1734609412.67
28.9840966864,2.94502389083,101.304478357,1734609412.72
28.9787486671,2.94502386338,101.304478325,1734609412.77
28.9837519042,2.94502388219,101.304478353,1734609412.83
28.9821206816,2.94502387594,101.304478355,1734609412.88
28.9787747404,2.9450238726,101.304478328,1734609412.92
28.9853845099,2.94502389912,101.304478316,1734609412.97
28.9785806853,2.94502387951,101.304478358,1734609413.05
28.9765275028,2.94502385338,101.304478353,1734609413.08
28.9768483089,2.94502386251,101.304478355,1734609413.14
28.9813538305,2.94502385956,101.304478361,1734609413.17
28.9802396363,2.94502386461,101.304478344,1734609413.25
28.9715141207,2.94502385211,101.304478342,1734609413.28
28.9599550245,2.94502386054,101.304478326,1734609413.33
28.9706638576,2.9450238552,101.304478341,1734609413.38
28.9698664946,2.94502385881,101.304478321,1734609413.43
28.9670269033,2.94502386801,101.304478328,1734609413.49
28.9654376563,2.94502385249,101.304478319,1734609413.53
28.9605881432,2.94502383913,101.304478335,1734609413.57
28.9686833583,2.94502382323,101.304478354,1734609413.63
28.9648905518,2.94502383994,101.304478352,1734609413.67
28.9640767174,2.94502386315,101.304478336,1734609413.72
28.9639729802,2.94502387364,101.304478341,1734609413.77
28.9631726947,2.94502386864,101.30447833,1734609413.83
28.9574134806,2.94502384546,101.304478319,1734609413.88
28.9647347918,2.9450238592,101.304478339,1734609413.93
28.9706171919,2.94502387488,101.304478332,1734609413.99
28.9743996058,2.94502391356,101.304478333,1734609414.05
28.9693823252,2.94502389871,101.30447834,1734609414.07
28.9702330455,2.94502389076,101.304478336,1734609414.12
28.9649254708,2.94502386578,101.304478335,1734609414.17
28.9693887476,2.94502386324,101.304478323,1734609414.23
28.9704143265,2.94502387423,101.304478354,1734609414.27
28.9628667803,2.94502386076,101.30447834,1734609414.32
28.9655197356,2.94502387929,101.30447833,1734609414.37
28.9676275905,2.94502387692,101.304478337,1734609414.43
28.9694302706,2.94502388293,101.304478337,1734609414.47
28.9678368056,2.94502387452,101.304478318,1734609414.54
28.9666787321,2.94502384721,101.304478345,1734609414.57
28.9663614621,2.94502385001,101.304478368,1734609414.63
28.9709463082,2.94502384801,101.304478382,1734609414.68
28.9642834486,2.94502383364,101.304478355,1734609414.74
28.9604304079,2.94502381967,101.30447837,1734609414.77
28.9575180812,2.94502382956,101.304478356,1734609414.83
28.9585725758,2.9450238421,101.304478374,1734609414.87
28.9575996725,2.94502382658,101.30447835,1734609414.92
28.9585112063,2.94502383362,101.304478369,1734609414.98
28.9608508646,2.94502383326,101.304478348,1734609415.05
28.9629165074,2.94502382901,101.304478339,1734609415.07
28.9584109001,2.94502383086,101.304478355,1734609415.14
28.9559469121,2.94502383641,101.304478354,1734609415.17
28.9595589479,2.9450238416,101.30447836,1734609415.23
28.9610819332,2.94502383747,101.304478369,1734609415.28
28.9595392803,2.94502383833,101.304478356,1734609415.34
28.9531423273,2.94502382848,101.304478349,1734609415.38
28.9560207967,2.94502382286,101.304478342,1734609415.43
28.9595327582,2.94502383328,101.30447835,1734609415.49
28.9563701805,2.9450238341,101.30447835,1734609415.53
28.9552274756,2.94502383233,101.304478337,1734609415.57
28.9514596146,2.94502382019,101.304478359,1734609415.62
28.9670821158,2.94502378849,101.304478349,1734609415.67
28.9694843143,2.94502381326,101.304478347,1734609415.72
28.9692480369,2.94502378535,101.30447834,1734609415.77
28.9646245874,2.94502378461,101.304478352,1734609415.83
28.9671070157,2.94502377366,101.304478357,1734609415.87
28.966564673,2.94502379302,101.304478357,1734609415.92
28.962389458,2.94502379948,101.304478358,1734609415.97
28.9640282672,2.94502378751,101.304478366,1734609416.06
28.9663486425,2.94502378887,101.304478359,1734609416.07
28.964061101,2.94502379337,101.304478366,1734609416.13
28.9640867449,2.94502379314,101.304478348,1734609416.17
28.9682915341,2.94502378506,101.304478343,1734609416.22
28.962770164,2.94502379203,101.304478356,1734609416.26
28.9667541161,2.94502380091,101.304478363,1734609416.32
28.9646654921,2.94502379789,101.30447835,1734609416.37
28.9689616309,2.94502379786,101.304478344,1734609416.43
28.9626787398,2.94502379557,101.304478352,1734609416.47
28.9713712493,2.94502380423,101.304478345,1734609416.55
28.9656087356,2.94502381026,101.304478351,1734609416.58
28.9595379792,2.94502374721,101.304478364,1734609416.66
28.9655809794,2.94502377602,101.304478362,1734609416.68
28.9610726219,2.945023752,101.30447834,1734609416.72
28.9584742421,2.94502375406,101.304478361,1734609416.77
28.9638264142,2.94502375687,101.30447835,1734609416.85
28.9698918164,2.94502376457,101.30447836,1734609416.87
28.9599305652,2.94502375699,101.304478353,1734609416.92
28.9667478967,2.94502377633,101.304478376,1734609416.98
28.9643655289,2.94502376153,101.304478365,1734609417.05
28.9679176966,2.9450237612,101.304478362,1734609417.08
28.9642469091,2.94502375507,101.30447836,1734609417.13
28.961553813,2.94502376656,101.30447835,1734609417.17
28.9614816057,2.94502375445,101.30447836,1734609417.23
28.9584858837,2.94502375412,101.304478357,1734609417.27
28.9610024858,2.94502375135,101.304478343,1734609417.32
28.9489758424,2.94502376241,101.304478362,1734609417.37
28.9562502569,2.94502377418,101.304478376,1734609417.43
28.9476954397,2.94502375764,101.304478368,1734609417.47
28.9522264088,2.9450237697,101.304478369,1734609417.53
28.9518910162,2.94502375399,101.30447837,1734609417.57
28.9477049876,2.94502376404,101.304478355,1734609417.62
28.948543434,2.94502377946,101.304478353,1734609417.67
28.9477742109,2.94502376549,101.304478351,1734609417.72
28.9504229538,2.94502376365,101.30447836,1734609417.77
28.9474551175,2.94502374914,101.304478359,1734609417.82
28.9496930772,2.94502375676,101.304478356,1734609417.87
28.9496157784,2.94502376639,101.304478366,1734609417.92
28.9448300498,2.94502375671,101.304478342,1734609417.97
28.9508372946,2.94502376543,101.304478343,1734609418.06
28.9452480962,2.9450237469,101.304478339,1734609418.08
28.9435540037,2.94502375757,101.304478363,1734609418.12
28.9474511137,2.94502376353,101.304478365,1734609418.17
28.9473189544,2.94502376245,101.304478352,1734609418.22
28.947283118,2.94502376375,101.304478363,1734609418.28
28.9476461885,2.94502375673,101.304478366,1734609418.32
28.9488789206,2.94502385869,101.304478276,1734609418.38
28.950613684,2.94502386353,101.304478263,1734609418.42
28.9487735089,2.94502385294,101.30447827,1734609418.47
28.9505754272,2.94502385962,101.304478265,1734609418.53
28.9485214669,2.94502386954,101.304478279,1734609418.57
28.9535682322,2.94502385805,101.304478263,1734609418.62
28.9525448633,2.94502386353,101.304478279,1734609418.67
28.9501588009,2.94502386002,101.304478278,1734609418.72
28.9538565679,2.94502386348,101.304478269,1734609418.77
28.953657195,2.94502385402,101.304478268,1734609418.83
28.9513067501,2.94502386916,101.304478264,1734609418.88
28.9502210524,2.94502386062,101.304478273,1734609418.96
28.9545587422,2.94502386547,101.304478274,1734609418.98
28.9526729695,2.94502386018,101.304478267,1734609419.06
28.9542277493,2.94502385974,101.30447827,1734609419.08
28.9438865278,2.94502384336,101.304478259,1734609419.13
28.9443929447,2.94502384298,101.304478273,1734609419.18
28.9496260053,2.94502386242,101.304478269,1734609419.24
28.9507961627,2.9450238588,101.304478266,1734609419.27
28.9536361871,2.94502386318,101.304478281,1734609419.34
28.9386246484,2.94502375133,101.304478352,1734609419.37
28.9438101491,2.94502375023,101.304478333,1734609419.42
28.937394565,2.94502374052,101.304478337,1734609419.47
28.9416417815,2.94502375196,101.304478348,1734609419.53
28.9399465909,2.94502375589,101.304478352,1734609419.57
28.9358963249,2.94502375248,101.304478339,1734609419.62
28.9391078977,2.94502374433,101.304478329,1734609419.67
28.9393994939,2.94502373356,101.304478336,1734609419.72
28.9384751981,2.94502375256,101.304478351,1734609419.78
28.9369297409,2.94502374058,101.304478345,1734609419.82
28.9416185012,2.94502374901,101.304478353,1734609419.87
28.9370443411,2.94502374449,101.304478346,1734609419.92
28.9381719287,2.94502375151,101.304478338,1734609419.97
28.9407498986,2.94502375961,101.304478345,1734609420.04
28.9449045928,2.94502376043,101.304478329,1734609420.07
28.9341004631,2.94502374832,101.304478326,1734609420.12
28.9381240914,2.94502375035,101.304478341,1734609420.18
28.9325268185,2.94502373621,101.304478347,1734609420.22
28.9393107351,2.94502374202,101.304478363,1734609420.27
28.9274569731,2.94502374369,101.304478323,1734609420.34
28.9257582845,2.94502373917,101.30447831,1734609420.37
28.9262463627,2.94502374816,101.304478307,1734609420.46
28.9254333032,2.94502373317,101.304478312,1734609420.47
28.9279626133,2.94502374304,101.304478317,1734609420.52
28.9255864602,2.94502373902,101.304478297,1734609420.58
28.9274436431,2.94502374932,101.304478302,1734609420.63
28.9247626755,2.94502374625,101.304478292,1734609420.67
28.9264922515,2.9450237526,101.304478314,1734609420.73
28.9243988469,2.94502374646,101.304478317,1734609420.77
28.9291980471,2.94502374906,101.304478306,1734609420.83
28.9296897398,2.9450237433,101.304478307,1734609420.89
28.9200551463,2.94502374855,101.304478309,1734609420.92
28.9261310212,2.94502375175,101.304478293,1734609420.98
28.9154355591,2.94502373093,101.304478301,1734609421.05
28.9186756751,2.94502374516,101.304478296,1734609421.07
28.9262060029,2.94502375531,101.304478295,1734609421.12
28.9269350851,2.9450237444,101.30447831,1734609421.17
28.9190042345,2.94502374445,101.304478308,1734609421.23
28.9246448614,2.94502375393,101.304478308,1734609421.27
28.9199179271,2.94502375814,101.304478298,1734609421.32
28.9346786235,2.94502381328,101.304478265,1734609421.37
28.9412069665,2.94502382257,101.304478279,1734609421.42
28.9401657665,2.94502381186,101.304478288,1734609421.49
28.9407685306,2.94502381888,101.304478292,1734609421.53
28.9372957954,2.94502382034,101.304478273,1734609421.57
28.9349167077,2.94502381719,101.30447828,1734609421.63
28.9413864575,2.94502380222,101.304478293,1734609421.67
28.9393046135,2.94502381774,101.304478281,1734609421.74
28.9371175189,2.94502380847,101.304478295,1734609421.79
28.9399408568,2.94502381629,101.304478304,1734609421.84
28.9373743543,2.94502381883,101.304478275,1734609421.87
28.9384045079,2.9450238103,101.304478301,1734609421.92
28.9371617474,2.94502380636,101.304478277,1734609421.97
28.9436760386,2.94502382492,101.304478279,1734609422.05
28.9420650927,2.94502381572,101.304478293,1734609422.08
28.9407188883,2.9450238191,101.304478292,1734609422.12
28.9392182231,2.94502380542,101.304478288,1734609422.17
28.9356145011,2.94502380217,101.304478284,1734609422.22
28.9380138805,2.94502380987,101.30447829,1734609422.27
28.9427315593,2.94502383092,101.304478292,1734609422.33
28.937274971,2.94502381179,101.30447831,1734609422.37
28.9324902277,2.9450238113,101.304478308,1734609422.43
28.9314024244,2.94502381251,101.30447829,1734609422.48
28.9290435081,2.94502380779,101.304478287,1734609422.55
28.9337322023,2.94502381956,101.304478277,1734609422.58
28.9355599582,2.94502382799,101.304478291,1734609422.63
28.9305068729,2.94502381144,101.304478287,1734609422.67
28.9326094314,2.94502381045,101.304478283,1734609422.77
28.9303725567,2.94502380327,101.304478287,1734609422.78
28.9330679728,2.9450238277,101.304478291,1734609422.82
28.931312385,2.94502381589,101.304478292,1734609422.87
28.9358495949,2.94502380668,101.304478282,1734609422.92
28.9351891121,2.94502382328,101.304478291,1734609422.97
28.9311143104,2.94502381376,101.304478294,1734609423.04
28.9327298813,2.9450238241,101.304478287,1734609423.07
28.9355847929,2.9450238378,101.304478294,1734609423.13
28.9288863502,2.94502382678,101.30447829,1734609423.17
28.9393105283,2.94502383915,101.304478303,1734609423.23
28.9337392142,2.94502383133,101.304478288,1734609423.27
28.9375885036,2.9450238425,101.304478303,1734609423.32
28.9349740697,2.94502384376,101.304478315,1734609423.37
28.9310912816,2.94502396361,101.304478345,1734609423.42
28.9392827488,2.94502396792,101.304478343,1734609423.47
28.9317648737,2.9450239573,101.304478351,1734609423.54
28.9364927774,2.94502396268,101.304478333,1734609423.57
28.9319922552,2.94502394569,101.304478337,1734609423.62
28.9321970427,2.94502395316,101.304478347,1734609423.67
28.9310768573,2.94502395736,101.304478335,1734609423.74
28.9335329691,2.94502397406,101.304478338,1734609423.77
28.9387807464,2.94502396627,101.304478349,1734609423.82
28.9312629299,2.9450239622,101.304478342,1734609423.87
28.9320438355,2.94502395374,101.304478345,1734609423.92
28.931117652,2.94502395204,101.30447833,1734609423.97
28.9341929266,2.94502395063,101.304478351,1734609424.06
28.9342288561,2.94502395455,101.304478343,1734609424.07
28.9323328696,2.94502396601,101.304478325,1734609424.15
28.9345463663,2.94502397207,101.304478341,1734609424.18
28.9331425447,2.94502396011,101.304478343,1734609424.24
28.9326440478,2.94502396048,101.304478337,1734609424.3
28.9252569815,2.94502389195,101.304478326,1734609424.32
28.9218594981,2.94502389503,101.304478317,1734609424.38
28.9210055945,2.94502387882,101.304478322,1734609424.45
28.9223913411,2.94502388951,101.304478335,1734609424.47
28.9182349583,2.94502388332,101.30447835,1734609424.54
28.9191885004,2.94502389361,101.304478341,1734609424.57
28.9184089284,2.94502388387,101.304478331,1734609424.62
28.9181068139,2.94502389314,101.304478333,1734609424.67
28.9182681739,2.9450239011,101.304478343,1734609424.72
28.9180148337,2.94502387697,101.304478334,1734609424.77
28.9170897538,2.9450238863,101.304478343,1734609424.82
28.9202217087,2.94502389851,101.304478334,1734609424.87
28.9126020055,2.9450238945,101.304478341,1734609424.92
28.9165443098,2.94502389071,101.304478326,1734609424.97
28.9208745211,2.94502389043,101.304478329,1734609425.05
28.9180550231,2.94502388741,101.304478335,1734609425.07
28.9151400719,2.94502388342,101.30447834,1734609425.12
28.918126977,2.94502389434,101.304478334,1734609425.17
28.9134825096,2.94502388146,101.304478325,1734609425.22
28.916559685,2.94502387062,101.304478331,1734609425.27
28.9031117558,2.94502381127,101.304478291,1734609425.32
28.9037536373,2.94502381052,101.304478301,1734609425.37
28.9079574905,2.94502382834,101.304478313,1734609425.48
28.9030869137,2.94502382133,101.304478312,1734609425.59
28.9094960708,2.9450238309,101.304478308,1734609425.64
28.9070231458,2.94502381374,101.304478293,1734609425.67
28.9080203837,2.94502382713,101.3044783,1734609425.74
28.9054674441,2.94502380516,101.304478304,1734609425.78
28.9019669667,2.94502381508,101.304478303,1734609425.82
28.9075785754,2.94502382281,101.304478296,1734609425.87
28.9088409739,2.94502381981,101.304478314,1734609425.93
28.9046202404,2.94502382046,101.304478318,1734609425.97
28.898288127,2.94502380763,101.304478315,1734609426.06
28.8979995511,2.94502379917,101.304478335,1734609426.07
28.9040997466,2.94502381429,101.304478315,1734609426.13
28.9023233056,2.94502379622,101.304478296,1734609426.17
28.9044262534,2.94502379716,101.304478313,1734609426.24
28.9022000758,2.94502379717,101.30447831,1734609426.27
28.9011564413,2.94502380574,101.304478293,1734609426.32
28.9035246996,2.94502380818,101.304478303,1734609426.45
28.9066929407,2.94502381117,101.304478291,1734609426.48
28.9035096196,2.94502381651,101.304478303,1734609426.53
28.9029772077,2.94502381007,101.304478316,1734609426.57
28.9044941887,2.94502381559,101.304478309,1734609426.63
28.901001215,2.94502380161,101.304478313,1734609426.67
28.8986185659,2.94502380542,101.304478321,1734609426.72
28.9046348697,2.94502381801,101.304478304,1734609426.77
28.903525182,2.94502381949,101.3044783,1734609426.87
28.8987042131,2.94502381771,101.304478314,1734609426.87
28.9008877845,2.94502380605,101.304478299,1734609426.92
28.901077305,2.94502380192,101.304478289,1734609426.97
28.8992158072,2.94502380163,101.304478292,1734609427.11
28.8882899033,2.94502376733,101.30447829,1734609427.12
28.8881738288,2.94502377352,101.304478289,1734609427.18
28.8917511562,2.94502378081,101.304478281,1734609427.22
28.8931211988,2.94502376085,101.304478294,1734609427.27
28.8866054276,2.94502376346,101.30447829,1734609427.32
28.8844790757,2.94502375925,101.30447829,1734609427.38
28.8889337834,2.9450237615,101.304478292,1734609427.44
28.8890034761,2.94502377386,101.304478277,1734609427.48
28.8866031701,2.94502375888,101.304478277,1734609427.53
28.8886588197,2.94502376394,101.304478286,1734609427.57
28.8873085305,2.94502376547,101.304478274,1734609427.7
28.8889179165,2.94502376936,101.30447829,1734609427.76
28.886693567,2.94502376876,101.30447829,1734609427.78
28.8865905423,2.94502375367,101.304478281,1734609427.83
28.8870804962,2.94502376702,101.304478281,1734609427.93
28.8722054437,2.94502376282,101.304478283,1734609427.97
28.8881393289,2.94502378148,101.304478287,1734609428.04
28.8944505313,2.9450238011,101.304478244,1734609428.07
28.8858038597,2.94502380667,101.304478232,1734609428.13
28.8839343451,2.94502379498,101.304478248,1734609428.17
28.8815746689,2.9450237841,101.304478287,1734609428.22
28.877544879,2.9450237765,101.304478315,1734609428.27
28.8770459313,2.94502376363,101.30447833,1734609428.32
28.8556273803,2.94502370837,101.304478273,1734609428.37
28.8552911608,2.94502369929,101.304478241,1734609428.42
28.8720792131,2.94502372539,101.304478222,1734609428.47
28.8696892746,2.94502373085,101.304478221,1734609428.54
28.8626358826,2.94502372621,101.304478212,1734609428.59
28.8691290282,2.9450237206,101.304478225,1734609428.62
28.8696405515,2.94502373687,101.304478211,1734609428.67
28.8655652879,2.94502373114,101.304478218,1734609428.72
28.8652166361,2.9450237448,101.304478209,1734609428.77
28.8692545192,2.94502371781,101.30447822,1734609428.82
28.8604879705,2.94502371336,101.304478252,1734609428.87
28.8583816169,2.94502371036,101.304478256,1734609428.92
28.861582825,2.94502372643,101.304478264,1734609428.98
28.8628056422,2.94502372461,101.304478237,1734609429.05
28.8685870413,2.94502372588,101.304478236,1734609429.08
28.8716217279,2.94502374247,101.304478216,1734609429.13
28.8736588173,2.9450237416,101.304478198,1734609429.18
28.8631836027,2.94502373225,101.304478235,1734609429.23
28.8677252112,2.94502374265,101.304478223,1734609429.28
28.867087882,2.94502372893,101.304478217,1734609429.33
28.8686689893,2.94502372521,101.304478236,1734609429.37
28.8603994297,2.94502371247,101.304478242,1734609429.44
28.8594789803,2.94502371119,101.304478236,1734609429.47
28.8593730088,2.94502372167,101.304478244,1734609429.53
28.8645627052,2.94502370583,101.304478246,1734609429.58
28.8623336898,2.94502371712,101.304478246,1734609429.63
28.8625009013,2.94502371275,101.30447821,1734609429.68
28.8672394492,2.9450237235,101.304478221,1734609429.76
28.8645381546,2.9450237237,101.304478211,1734609429.77
28.8640909959,2.94502371022,101.304478215,1734609429.84
28.8695616284,2.94502372744,101.304478247,1734609429.87
28.8622116027,2.94502371092,101.304478248,1734609429.94
28.8611052847,2.94502371154,101.304478248,1734609429.97
28.8616473284,2.94502371085,101.30447827,1734609430.05
28.8641297407,2.94502372678,101.304478269,1734609430.07
28.8662784034,2.94502371579,101.304478242,1734609430.12
28.8681731978,2.94502373782,101.30447826,1734609430.18
28.8670198889,2.94502372769,101.304478254,1734609430.24
28.8679376794,2.94502373761,101.304478238,1734609430.27
28.8683831645,2.94502372398,101.304478234,1734609430.35
28.8711839048,2.94502374953,101.304478225,1734609430.37
28.8653412722,2.94502372259,101.304478254,1734609430.45
28.8676997162,2.94502372946,101.30447825,1734609430.47
28.8705659714,2.94502373214,101.30447825,1734609430.54
28.8729466265,2.94502374325,101.304478263,1734609430.57
28.8713140013,2.94502372639,101.304478267,1734609430.62
28.8709740471,2.94502372826,101.30447828,1734609430.66
28.8687748117,2.94502372747,101.304478256,1734609430.74
28.875637115,2.9450237323,101.304478236,1734609430.77
28.8757527322,2.94502374058,101.304478251,1734609430.82
28.8687417693,2.94502373873,101.304478233,1734609430.87
28.8724293308,2.94502374052,101.304478242,1734609430.92
28.8735823939,2.9450237436,101.304478242,1734609430.97
28.8727078363,2.94502374151,101.304478259,1734609431.04
28.8645839207,2.9450237389,101.304478266,1734609431.08
28.869844689,2.94502375595,101.304478285,1734609431.13
28.867519673,2.94502373921,101.304478258,1734609431.17
28.8707428928,2.94502373585,101.304478264,1734609431.23
28.8718339223,2.94502373105,101.30447824,1734609431.27
28.8718440421,2.94502373547,101.304478249,1734609431.32
28.8724249406,2.94502373764,101.30447824,1734609431.37
28.8707881859,2.94502373549,101.304478243,1734609431.42
28.8737296956,2.94502373968,101.304478252,1734609431.47
28.8591675516,2.94502372965,101.304478241,1734609431.52
28.8667723816,2.94502374722,101.304478239,1734609431.57
28.8654377377,2.9450237156,101.304478251,1734609431.62
28.8673963053,2.94502371708,101.304478246,1734609431.67
28.8609248307,2.9450237101,101.304478254,1734609431.72
28.8632381875,2.94502371334,101.304478236,1734609431.78
28.860516075,2.94502372104,101.304478245,1734609431.87
28.8607780514,2.9450237075,101.304478239,1734609431.88
28.8648559293,2.94502370682,101.304478226,1734609431.93
28.8636869285,2.94502371121,101.304478234,1734609431.97
28.8676424194,2.94502371848,101.304478228,1734609432.11
28.8634526934,2.94502370892,101.304478231,1734609432.11
28.8631983362,2.94502373742,101.30447828,1734609432.12
28.8652873542,2.94502370814,101.30447827,1734609432.17
28.863734737,2.94502371929,101.304478288,1734609432.23
28.8596579628,2.94502372965,101.304478284,1734609432.27
28.86018713,2.94502370808,101.304478284,1734609432.32
28.8687063884,2.94502371508,101.304478274,1734609432.37
28.8692308022,2.94502372269,101.304478264,1734609432.46
28.8689005822,2.94502373584,101.304478271,1734609432.48
28.8623664211,2.94502371828,101.304478279,1734609432.55
28.8616323415,2.94502373523,101.304478278,1734609432.57
28.8573498037,2.94502371361,101.304478278,1734609432.63
28.8623595247,2.94502374652,101.304478283,1734609432.67
28.8626895715,2.94502372207,101.304478276,1734609432.72
28.8595140185,2.94502371318,101.30447828,1734609432.77
28.8613707311,2.94502370636,101.304478285,1734609432.83
28.8592947545,2.94502371584,101.304478304,1734609432.87
28.8587575993,2.94502373474,101.304478295,1734609432.92
28.8610813245,2.94502372906,101.30447827,1734609432.97
28.8603935279,2.94502372632,101.304478256,1734609433.04
28.8616435938,2.94502372449,101.30447827,1734609433.07
28.8610694977,2.94502371424,101.304478275,1734609433.13
28.8567303549,2.9450237084,101.304478264,1734609433.17
28.8549397942,2.94502371622,101.30447827,1734609433.25
28.8600763716,2.94502372321,101.304478284,1734609433.27
28.8584555462,2.94502371074,101.304478269,1734609433.32
28.8589803334,2.94502369569,101.304478269,1734609433.37
28.8568114433,2.94502370985,101.304478288,1734609433.43
28.8569242647,2.94502371216,101.304478277,1734609433.47
28.858278472,2.9450237142,101.304478275,1734609433.53
28.8595722364,2.94502371853,101.304478276,1734609433.58
28.8580775652,2.94502370895,101.304478275,1734609433.63
28.857774972,2.9450236923,101.304478284,1734609433.67
28.859221044,2.9450237027,101.304478279,1734609433.73
28.8591522677,2.94502369769,101.30447828,1734609433.77
28.8554984163,2.94502368448,101.304478276,1734609433.85
28.8626141101,2.94502369849,101.304478293,1734609433.89
28.862300938,2.94502369003,101.304478285,1734609433.92
28.8475093767,2.94502366919,101.304478274,1734609433.97
28.840449647,2.94502366661,101.304478274,1734609434.05
28.8475956237,2.9450236874,101.304478294,1734609434.07
28.8484646427,2.94502368749,101.304478289,1734609434.21
28.8511311756,2.94502367333,101.304478289,1734609434.21
28.8495831871,2.94502367707,101.304478268,1734609434.24
28.8516714089,2.94502369034,101.304478264,1734609434.27
28.8503158605,2.94502368143,101.304478271,1734609434.32
28.8440639321,2.94502366606,101.304478284,1734609434.37
28.8449561112,2.94502367114,101.304478286,1734609434.42
28.8524166103,2.94502369259,101.304478284,1734609434.48
28.8499178877,2.94502367449,101.304478279,1734609434.53
28.8475604989,2.945023657,101.304478267,1734609434.57
28.8513798341,2.94502367628,101.304478266,1734609434.62
28.8445908409,2.94502366845,101.304478261,1734609434.67
28.8477705177,2.9450236859,101.304478282,1734609434.72
28.847917892,2.94502368793,101.304478288,1734609434.77
28.8421834335,2.94502366056,101.304478271,1734609434.85
28.8465436073,2.94502367634,101.304478279,1734609434.87
28.8461560225,2.9450236706,101.30447826,1734609434.93
28.8465915984,2.94502368383,101.304478279,1734609434.97
28.8480941392,2.94502369489,101.304478288,1734609435.04
28.8520437619,2.94502370718,101.304478308,1734609435.08
28.8400247702,2.94502366669,101.30447828,1734609435.14
28.8456121664,2.94502368829,101.304478291,1734609435.17
28.8477782235,2.94502369276,101.304478293,1734609435.23
28.8424568279,2.94502368831,101.304478293,1734609435.27
28.8485724954,2.94502367872,101.304478279,1734609435.32
28.8474812172,2.94502368948,101.304478277,1734609435.38
28.8485180447,2.94502369394,101.304478274,1734609435.43
28.8399361297,2.94502368477,101.304478312,1734609435.48
28.8443973828,2.94502367406,101.304478283,1734609435.53
28.8454833794,2.94502368167,101.304478279,1734609435.57
28.8413246833,2.94502369611,101.304478286,1734609435.65
28.8428833513,2.9450236916,101.304478288,1734609435.67
28.8424073011,2.94502368298,101.304478297,1734609435.73
28.8405036461,2.94502367593,101.304478271,1734609435.77
28.8328455687,2.94502368073,101.304478282,1734609435.82
28.8416108247,2.94502369169,101.304478277,1734609435.87
28.8433469767,2.94502369357,101.304478287,1734609435.94
28.8393214736,2.94502367814,101.304478291,1734609435.97
28.834394495,2.94502367321,101.30447828,1734609436.05
28.8371567214,2.94502367483,101.304478262,1734609436.07
28.8396590818,2.94502368726,101.304478265,1734609436.12
28.8366444269,2.9450236818,101.304478271,1734609436.17
28.8338073203,2.94502367282,101.304478278,1734609436.25
28.8370759906,2.94502368113,101.304478295,1734609436.27
28.835662053,2.94502368589,101.304478272,1734609436.33
28.8350201072,2.94502367852,101.304478273,1734609436.37
28.838334538,2.94502368639,101.30447829,1734609436.42
28.834152204,2.94502367454,101.304478276,1734609436.47
28.8325271942,2.94502367843,101.304478278,1734609436.52
28.8342106156,2.94502368341,101.304478273,1734609436.57
28.8339336272,2.94502369543,101.30447828,1734609436.62
28.8372295061,2.94502368335,101.30447829,1734609436.68
28.8376936447,2.94502368716,101.304478273,1734609436.72
28.8327675117,2.94502368996,101.304478292,1734609436.77
28.8357142881,2.94502367811,101.304478296,1734609436.82
28.8367341319,2.94502369837,101.304478285,1734609436.87
28.8381094253,2.94502368359,101.304478284,1734609436.93
28.8363026958,2.94502368069,101.304478287,1734609436.97
28.8357074484,2.94502368866,101.30447829,1734609437.17
28.8329807939,2.94502368451,101.304478285,1734609437.17
28.8338804357,2.94502367802,101.304478297,1734609437.17
28.8281899961,2.94502360267,101.304478209,1734609437.18
28.8315250529,2.94502360953,101.304478224,1734609437.23
28.8231089599,2.94502357836,101.304478209,1734609437.27
28.8262181431,2.9450236016,101.304478213,1734609437.32
28.8259593761,2.94502360702,101.304478203,1734609437.37
28.8341059117,2.94502361496,101.304478192,1734609437.43
28.8297627652,2.94502359906,101.304478198,1734609437.47
28.8213330014,2.94502357782,101.304478222,1734609437.55
28.8237393731,2.94502359418,101.304478211,1734609437.57
28.8225629246,2.94502359202,101.304478218,1734609437.63
28.8272956945,2.94502359771,101.304478213,1734609437.67
28.8284711484,2.94502360397,101.304478236,1734609437.72
28.8273426238,2.94502360567,101.304478213,1734609437.77
28.825145714,2.9450235946,101.304478217,1734609437.82
28.8325390788,2.94502360269,101.304478235,1734609437.87
28.8240544954,2.94502359311,101.304478213,1734609437.92
28.8243141342,2.94502361432,101.30447822,1734609437.97
28.8220730349,2.94502358594,101.304478203,1734609438.06
28.8259287616,2.94502359747,101.304478214,1734609438.07
28.8193399413,2.94502358152,101.304478222,1734609438.12
28.8220287813,2.9450235778,101.304478213,1734609438.17
28.8243673947,2.94502360182,101.304478234,1734609438.25
28.8247898081,2.94502358496,101.304478218,1734609438.27
28.8247373858,2.94502360172,101.304478239,1734609438.32
28.8180605052,2.94502358194,101.304478213,1734609438.37
28.817923123,2.94502358067,101.30447823,1734609438.47
28.8162280405,2.94502356918,101.304478217,1734609438.52
28.82075225,2.94502356266,101.304478227,1734609438.57
28.8178685028,2.94502357765,101.304478231,1734609438.62
28.8136880714,2.94502357535,101.304478215,1734609438.68
28.8181389347,2.94502357452,101.304478211,1734609438.72
28.816015712,2.94502359228,101.30447824,1734609438.78
28.810392458,2.94502356164,101.304478218,1734609438.84
28.8167167138,2.94502359016,101.304478232,1734609438.88
28.8163786447,2.94502359019,101.30447823,1734609438.92
28.8157106098,2.94502357049,101.304478225,1734609438.97
28.8105214695,2.94502357166,101.304478231,1734609439.05
28.8185881395,2.94502354936,101.304478215,1734609439.07
28.8127983836,2.94502355587,101.304478222,1734609439.13
28.8166027637,2.94502356147,101.304478213,1734609439.17
28.8183838427,2.94502355645,101.304478219,1734609439.24
28.8137316434,2.94502356448,101.304478211,1734609439.28
28.8093908271,2.94502356448,101.304478236,1734609439.32
28.8154816898,2.94502355986,101.304478233,1734609439.37
28.8087509032,2.9450235514,101.304478233,1734609439.42
28.8128362233,2.94502356973,101.30447822,1734609439.47
28.8136268063,2.94502355629,101.304478232,1734609439.54
28.8145990605,2.94502354962,101.304478221,1734609439.57
28.8113513421,2.94502355095,101.304478238,1734609439.72
28.8149515213,2.94502356144,101.30447823,1734609439.77
28.8099268097,2.94502357645,101.304478234,1734609439.86
28.8070234712,2.94502355371,101.304478229,1734609439.86
28.8067384316,2.94502355343,101.304478258,1734609439.95
28.809979693,2.94502354942,101.304478212,1734609439.98
28.806687356,2.94502356259,101.304478245,1734609440.11
28.813976041,2.94502355531,101.304478238,1734609440.11
28.8219012776,2.94502358873,101.304478268,1734609440.13
28.8147276482,2.9450235883,101.30447825,1734609440.17
28.820369469,2.94502359112,101.304478246,1734609440.23
28.818267202,2.94502358289,101.304478268,1734609440.28
28.8144812295,2.94502357968,101.304478252,1734609440.33
28.8189562848,2.94502360018,101.304478258,1734609440.37
28.8117557932,2.94502357807,101.304478275,1734609440.43
28.8189880308,2.94502360118,101.304478279,1734609440.48
28.8134593209,2.94502358525,101.304478251,1734609440.53
28.8171434188,2.94502359544,101.304478278,1734609440.57
28.8143605953,2.94502359737,101.304478271,1734609440.62
28.811234341,2.94502357472,101.30447825,1734609440.69
28.8187770061,2.94502361464,101.304478276,1734609440.75
28.8080691285,2.94502355596,101.304478279,1734609440.78
28.8079995699,2.94502355829,101.304478281,1734609440.83
28.8093510857,2.94502355582,101.304478282,1734609440.91
28.807787464,2.94502355097,101.304478267,1734609440.94
28.811510697,2.94502355171,101.304478268,1734609440.97
28.8071562098,2.94502355139,101.304478279,1734609441.04
28.8072098847,2.94502354351,101.304478298,1734609441.07
28.8097892264,2.94502354565,101.304478277,1734609441.12
28.8064186247,2.94502356525,101.304478285,1734609441.17
28.8133910103,2.94502354833,101.304478286,1734609441.24
28.8096577441,2.94502355263,101.30447828,1734609441.27
28.8015742199,2.94502353288,101.304478265,1734609441.32
28.8031417523,2.94502354083,101.304478263,1734609441.37
28.8084305963,2.94502356142,101.304478257,1734609441.43
28.8092215434,2.94502356291,101.304478285,1734609441.47
28.8075327007,2.94502356081,101.304478305,1734609441.54
28.8044590782,2.94502354547,101.304478264,1734609441.57
28.8086765334,2.94502353102,101.30447829,1734609441.65
28.8060831744,2.94502354426,101.304478282,1734609441.71
28.8014472872,2.94502354471,101.304478259,1734609441.73
28.8084839322,2.94502356967,101.304478281,1734609441.77
28.8078330578,2.94502355908,101.304478307,1734609441.83
28.8085323647,2.94502354746,101.304478287,1734609441.87
28.8068472128,2.94502354795,101.304478286,1734609441.93
28.8107153028,2.94502357143,101.304478288,1734609441.98
28.8037256403,2.94502355023,101.304478275,1734609442.06
28.8051063269,2.94502354258,101.304478272,1734609442.08
28.8064315375,2.94502354893,101.304478269,1734609442.12
28.8068355164,2.94502355276,101.304478261,1734609442.17
28.8119525639,2.94502356642,101.304478274,1734609442.23
28.8024301333,2.94502355085,101.304478289,1734609442.27
28.8062166674,2.94502355356,101.304478273,1734609442.32
28.8060877025,2.94502356863,101.30447832,1734609442.37
28.8119821427,2.94502358439,101.304478333,1734609442.43
28.8071618909,2.9450235879,101.304478307,1734609442.47
28.8035841752,2.945023568,101.304478301,1734609442.53
28.8125473028,2.94502358552,101.304478319,1734609442.57
28.809381702,2.94502355607,101.304478296,1734609442.62
28.8102774322,2.94502353985,101.304478317,1734609442.67
28.807650391,2.94502354196,101.304478293,1734609442.72
28.8096038206,2.9450235685,101.304478293,1734609442.77
28.8104514638,2.94502356656,101.304478328,1734609442.82
28.8070308249,2.94502356887,101.304478315,1734609442.87
28.814656198,2.94502356119,101.30447831,1734609442.92
28.8040351346,2.94502357066,101.304478319,1734609442.97
28.8120705988,2.94502357214,101.304478293,1734609443.04
28.8174791224,2.94502358281,101.30447833,1734609443.07
28.8062251378,2.94502357464,101.304478319,1734609443.12
28.8135087248,2.94502357115,101.304478292,1734609443.18
28.8059701668,2.9450235619,101.304478298,1734609443.23
28.8093017712,2.94502356935,101.304478295,1734609443.27
28.8075500997,2.9450235642,101.304478292,1734609443.33
28.7941536736,2.94502352686,101.304478246,1734609443.37
28.8012327664,2.94502352297,101.304478244,1734609443.43
28.7890095199,2.94502349842,101.30447824,1734609443.47
28.7868443578,2.94502349787,101.30447825,1734609443.53
28.7894586772,2.94502349975,101.304478244,1734609443.57
28.7905816454,2.94502348963,101.304478232,1734609443.62
28.7867945321,2.94502349198,101.304478244,1734609443.68
28.7857223842,2.94502349246,101.304478263,1734609443.73
28.7853256706,2.94502350345,101.304478244,1734609443.78
28.7913812539,2.94502351188,101.304478287,1734609443.87
28.7858105851,2.94502348617,101.30447827,1734609443.87
28.7795418687,2.94502347124,101.304478243,1734609443.98
28.793150411,2.94502348704,101.304478265,1734609443.98
28.7861505924,2.9450234813,101.304478263,1734609444.05
28.7903561378,2.94502350308,101.304478262,1734609444.07
28.7915684562,2.94502349639,101.304478251,1734609444.12
28.7917413749,2.94502350734,101.304478261,1734609444.17
28.7875346383,2.94502348539,101.304478252,1734609444.24
28.7949412931,2.94502348708,101.304478255,1734609444.27
28.7928534523,2.94502348574,101.304478262,1734609444.32
28.780820013,2.94502345834,101.304478276,1734609444.37
28.7796412641,2.9450234572,101.30447827,1734609444.43
28.7818486486,2.94502348502,101.304478279,1734609444.48
28.781164309,2.94502348132,101.304478289,1734609444.53
28.7792155584,2.9450234693,101.304478262,1734609444.57
28.7844790779,2.94502349712,101.304478312,1734609444.63
28.778105217,2.94502345915,101.304478298,1734609444.7
28.7766249934,2.94502348377,101.304478272,1734609444.73
28.7761469623,2.94502348126,101.304478276,1734609444.77
28.7783505041,2.94502345673,101.304478291,1734609444.82
28.7707473729,2.94502347134,101.30447827,1734609444.87
28.7768935775,2.94502345935,101.304478287,1734609444.93
28.7758049816,2.94502345353,101.30447827,1734609444.97
28.773874877,2.94502346019,101.304478265,1734609445.06
28.7766415579,2.94502345905,101.304478272,1734609445.08
28.7733884929,2.9450234429,101.30447829,1734609445.12
28.7707336843,2.94502347057,101.30447828,1734609445.18
28.7688903604,2.94502344806,101.30447826,1734609445.23
28.7758731693,2.94502347959,101.304478291,1734609445.27
28.7719979072,2.94502345781,101.30447829,1734609445.35
28.7730971063,2.94502344179,101.304478264,1734609445.38
28.7654876085,2.94502341592,101.304478259,1734609445.43
28.7738456316,2.94502345249,101.304478238,1734609445.47
28.7723837821,2.94502346215,101.304478268,1734609445.53
28.7738699047,2.94502345778,101.304478254,1734609445.58
28.7666172348,2.94502342684,101.304478268,1734609445.62
28.7654207833,2.94502342663,101.304478256,1734609445.67
28.7730970848,2.9450234525,101.304478267,1734609445.72
28.7732345117,2.94502343756,101.304478247,1734609445.76
28.7657166328,2.94502340844,101.304478269,1734609445.83
28.7687722463,2.94502339409,101.304478262,1734609445.88
28.7684334237,2.94502341346,101.304478263,1734609445.93
28.7759793969,2.94502344758,101.304478259,1734609445.98
28.7747878144,2.94502345473,101.304478246,1734609446.05
28.7708572913,2.94502343205,101.304478246,1734609446.08
28.7698888881,2.94502342305,101.304478263,1734609446.13
28.7725956682,2.94502343872,101.304478252,1734609446.18
28.7663260717,2.94502341265,101.304478259,1734609446.24
28.7756706588,2.94502344145,101.304478267,1734609446.27
28.7566628801,2.94502340801,101.304478272,1734609446.32
28.7599852495,2.94502341368,101.304478275,1734609446.37
28.7549318681,2.94502338843,101.304478256,1734609446.42
28.7627292508,2.94502341605,101.304478277,1734609446.49
28.7622965937,2.94502340764,101.304478258,1734609446.54
28.7643875098,2.94502341752,101.304478264,1734609446.57
28.7560112104,2.94502340087,101.304478258,1734609446.63
28.7628566111,2.94502341809,101.304478273,1734609446.67
28.7635341231,2.94502340643,101.304478247,1734609446.73
28.7589965053,2.94502337657,101.304478244,1734609446.77
28.7548087239,2.94502337391,101.304478264,1734609446.82
28.7620565537,2.94502337945,101.304478251,1734609446.87
28.7601413475,2.94502339166,101.304478264,1734609446.95
28.7548903776,2.94502339179,101.304478261,1734609446.97
28.7584944023,2.94502340147,101.304478274,1734609447.06
28.7607071688,2.94502340176,101.304478293,1734609447.07
28.7564546186,2.94502339413,101.304478272,1734609447.12
28.7562959893,2.94502337009,101.304478254,1734609447.17
28.7650013762,2.94502339409,101.304478287,1734609447.22
28.7597008785,2.94502339622,101.30447828,1734609447.27
28.7524750931,2.94502337769,101.304478253,1734609447.32
28.7486035293,2.94502337871,101.304478303,1734609447.37
28.7496856181,2.94502337593,101.304478282,1734609447.42
28.7423020462,2.94502336729,101.304478286,1734609447.48
28.7521993332,2.94502337724,101.30447829,1734609447.53
28.7481109407,2.94502336159,101.304478291,1734609447.57
28.7480268655,2.94502336947,101.30447828,1734609447.62
28.7492142282,2.94502336021,101.304478272,1734609447.67
28.7482801853,2.94502336641,101.304478293,1734609447.72
28.7547065644,2.94502337887,101.304478291,1734609447.77
28.7513125306,2.94502336873,101.304478295,1734609447.82
28.7510973997,2.94502337438,101.304478274,1734609447.87
28.7522914838,2.94502336703,101.304478301,1734609447.92
28.7545071598,2.94502339588,101.30447828,1734609447.97
28.7427810552,2.94502337235,101.304478285,1734609448.04
28.7461337131,2.9450233809,101.30447829,1734609448.07
28.7447317876,2.94502336232,101.304478274,1734609448.12
28.7365568103,2.94502334932,101.30447827,1734609448.16
28.7450577253,2.94502338654,101.304478296,1734609448.22
28.7492999882,2.94502338798,101.304478296,1734609448.27
28.752174384,2.94502340801,101.304478285,1734609448.33
28.7230646443,2.94502333577,101.304478264,1734609448.37
28.7200551471,2.94502331856,101.304478294,1734609448.43
28.7214163495,2.94502333038,101.304478261,1734609448.48
28.7336830879,2.94502335098,101.304478277,1734609448.53
28.7370603206,2.94502332164,101.304478263,1734609448.57
28.7194826985,2.94502331193,101.304478264,1734609448.63
28.7260007737,2.94502331686,101.304478266,1734609448.69
28.7234797031,2.94502332883,101.304478269,1734609448.72
28.7289680624,2.94502332507,101.304478253,1734609448.77
28.7215115838,2.94502332776,101.304478277,1734609448.82
28.7291546697,2.94502332782,101.304478273,1734609448.87
28.7221288523,2.94502332877,101.30447827,1734609448.92
28.7348475745,2.94502334467,101.30447829,1734609448.97
28.7342695147,2.94502334054,101.304478306,1734609449.05
28.7347249445,2.94502334238,101.304478273,1734609449.07
28.7255338887,2.94502330889,101.304478264,1734609449.13
28.7371743238,2.94502334654,101.304478292,1734609449.18
28.7252877774,2.9450233238,101.304478277,1734609449.23
28.7233533477,2.94502332139,101.304478277,1734609449.27
28.7302265521,2.9450232966,101.304478273,1734609449.32
28.7263349732,2.94502333109,101.304478297,1734609449.37
28.7177669918,2.94502331167,101.304478252,1734609449.42
28.7269254373,2.94502330487,101.304478266,1734609449.47
28.7193336226,2.9450232878,101.30447827,1734609449.53
28.7183265602,2.94502331437,101.304478258,1734609449.57
28.7253607046,2.94502331893,101.304478283,1734609449.62
28.7224084325,2.94502330798,101.304478256,1734609449.67
28.7137475135,2.9450233147,101.30447825,1734609449.72
28.7167143365,2.94502330823,101.304478263,1734609449.78
28.721562325,2.9450233284,101.304478259,1734609449.83
28.7247027932,2.94502332257,101.304478252,1734609449.87
28.717010837,2.94502334995,101.304478269,1734609449.92
28.7156650051,2.9450233149,101.30447828,1734609449.97
28.717692459,2.94502332163,101.304478292,1734609450.05
28.7140549459,2.94502332085,101.304478302,1734609450.07
28.7240759516,2.94502334135,101.304478302,1734609450.12
28.7165610036,2.94502331928,101.304478276,1734609450.18
28.7167610554,2.94502333026,101.304478267,1734609450.24
28.7188290926,2.94502335424,101.304478286,1734609450.28
28.7283325493,2.94502333431,101.304478307,1734609450.33
28.7345656957,2.94502333534,101.304478304,1734609450.38
28.7316083722,2.94502333916,101.304478278,1734609450.43
28.7352836765,2.94502339084,101.304478296,1734609450.47
28.7154879868,2.94502343801,101.304478354,1734609450.53
28.7130043851,2.94502354198,101.304478417,1734609450.59
28.7022258285,2.94502365849,101.304478465,1734609450.63
28.6880610129,2.94502382491,101.304478528,1734609450.67
28.6845928906,2.94502394347,101.304478507,1734609450.73
28.6941230446,2.94502416017,101.304478564,1734609450.78
28.7185290335,2.94502439486,101.304478716,1734609450.84
28.7340654181,2.94502471028,101.304478877,1734609450.87
28.7326651653,2.94502497396,101.304479033,1734609450.92
28.7466950947,2.94502521446,101.304479209,1734609450.98
28.7398445029,2.94502543238,101.304479325,1734609451.05
28.775283616,2.94502554032,101.304479507,1734609451.07
28.7736387802,2.94502573197,101.304479645,1734609451.12
28.7488470227,2.94502607821,101.304479855,1734609451.17
28.6888085818,2.94502647737,101.304480018,1734609451.23
28.7965743188,2.94502630924,101.304480541,1734609451.27
28.7312928699,2.94502667891,101.304480387,1734609451.33
28.7535045398,2.94502694076,101.304480399,1734609451.37
28.7402989976,2.94502725708,101.30448044,1734609451.45
28.7187746484,2.94502747974,101.304480531,1734609451.48
28.7305277903,2.94502765608,101.304480626,1734609451.53
28.7279134905,2.94502770485,101.304480699,1734609451.57
28.7219023593,2.94502774693,101.304480731,1734609451.62
28.7490582857,2.94502775758,101.304480858,1734609451.68
28.7389958538,2.9450277484,101.304480881,1734609451.72
28.745728977,2.94502777687,101.304480955,1734609451.77
28.7616231032,2.94502774103,101.304480991,1734609451.82
28.7211739747,2.94502786219,101.304480949,1734609451.87
28.8435004894,2.94502751114,101.304481345,1734609451.92
28.782324139,2.9450277163,101.304481038,1734609451.96
28.735607259,2.94502788181,101.30448093,1734609452.11
28.7382964035,2.94502785887,101.304480916,1734609452.14
28.7580989022,2.94502784484,101.304481006,1734609452.17
28.7420285791,2.94502787266,101.304481057,1734609452.23
28.7637292137,2.94502790178,101.304481233,1734609452.27
28.7819706751,2.94502790123,101.304481477,1734609452.32
28.7394629251,2.94502808812,101.304481684,1734609452.37
28.7309120456,2.94502822518,101.30448203,1734609452.43
28.6881884644,2.94502893376,101.304482365,1734609452.48
28.7739367243,2.94502876341,101.304482798,1734609452.54
28.7654910423,2.94502893352,101.304482985,1734609452.57
28.7578049367,2.94502883997,101.304482799,1734609452.63
28.7631575149,2.94502914616,101.304483543,1734609452.69
28.8001362337,2.94502906659,101.304483931,1734609452.72
28.8098683022,2.94502903744,101.304484279,1734609452.77
28.823435328,2.94502916531,101.30448457,1734609452.84
28.7306698272,2.94502944625,101.304484459,1734609452.87
28.6189930672,2.94502999125,101.304484674,1734609452.93
28.5928136986,2.94503034307,101.304484887,1734609452.98
28.5956673156,2.9450303821,101.304485121,1734609453.05
28.5891627939,2.94503037049,101.304485394,1734609453.07
28.5665838821,2.9450305006,101.304485601,1734609453.12
28.5937531553,2.94503096639,101.304486168,1734609453.17
28.5862453263,2.94503072022,101.304485916,1734609453.26
28.5992860971,2.94503068394,101.304486046,1734609453.27
28.5832198886,2.94503153062,101.304486396,1734609453.32
28.6944178594,2.9450314538,101.30448684,1734609453.37
28.7377394177,2.94503172298,101.304487055,1734609453.42
28.7727189921,2.94503200246,101.304487326,1734609453.47
28.8141784305,2.94503207592,101.304487543,1734609453.52
28.8239050666,2.94503214332,101.304487768,1734609453.57
28.8218867797,2.94503222212,101.304488059,1734609453.62
28.8789879503,2.94503216156,101.304488318,1734609453.68
28.8348486563,2.94503248072,101.304488412,1734609453.72
28.7523172786,2.94503296628,101.304488502,1734609453.77
28.7646159027,2.94503305271,101.304488723,1734609453.83
28.751891301,2.9450333199,101.30448883,1734609453.87
28.6812243024,2.94503345643,101.30448893,1734609453.93
28.6748129269,2.94503372146,101.304489012,1734609453.97
28.6533897026,2.94503381298,101.304489136,1734609454.06
28.7086185105,2.94503407999,101.304489323,1734609454.08
28.707788432,2.94503430916,101.304489503,1734609454.13
28.7369393352,2.94503468555,101.304489725,1734609454.17
28.7553910632,2.94503482442,101.304489932,1734609454.23
28.7535681268,2.94503501268,101.30449016,1734609454.27
28.7768206783,2.94503526058,101.304490291,1734609454.32
28.7345891027,2.94503551939,101.304490318,1734609454.38
28.7572103562,2.94503570611,101.304490492,1734609454.43
28.8901709514,2.94503549979,101.304490816,1734609454.47
28.9211134892,2.94503570287,101.304491055,1734609454.54
28.7105033174,2.94503675063,101.304490916,1734609454.57
28.7251739325,2.94503698552,101.304491124,1734609454.62
28.7196391812,2.94503716764,101.304491243,1734609454.68
28.7209283588,2.94503750022,101.304491439,1734609454.73
28.6906577116,2.94503774523,101.304491518,1734609454.77
28.7735933475,2.94503803836,101.304491791,1734609454.83
28.7854600819,2.94503828786,101.304491894,1734609454.87
28.8198213791,2.94503849654,101.304492019,1734609454.92
28.7821759507,2.94503884955,101.304492049,1734609454.97
28.8078854196,2.94503905825,101.304492199,1734609455.04
28.8216489526,2.94503919444,101.3044924,1734609455.07
28.8144941749,2.94503945616,101.304492506,1734609455.13
28.8281381233,2.94503973697,101.304492683,1734609455.17
28.8287639143,2.94504001828,101.304492848,1734609455.23
28.8313046945,2.94504024779,101.304493039,1734609455.28
28.865194737,2.94504062686,101.304493227,1734609455.32
28.8805845678,2.94504087964,101.304493375,1734609455.37
28.8697057338,2.94504122486,101.304493518,1734609455.42
28.8408612041,2.94504148254,101.304493573,1734609455.46
28.8245541239,2.94504181217,101.30449369,1734609455.55
28.8540889313,2.9450421663,101.304493866,1734609455.57
28.9203949021,2.94504243617,101.304494236,1734609455.63
29.0290104672,2.94504266093,101.304494566,1734609455.68
29.080827672,2.94504287519,101.304494749,1734609455.73
28.9965012847,2.94504344583,101.3044947,1734609455.78
29.006993019,2.94504369004,101.304494833,1734609455.82
29.0233688802,2.9450440375,101.304494992,1734609455.87
28.9767876118,2.94504451913,101.304495086,1734609455.93
29.0972922686,2.94504459667,101.304495484,1734609455.97
28.94310412,2.94504525369,101.304495331,1734609456.07
28.9423477491,2.94504561802,101.30449548,1734609456.08
28.9558852138,2.94504602109,101.304495804,1734609456.14
28.9769912744,2.9450464005,101.30449594,1734609456.18
29.0145314122,2.94504663296,101.304496103,1734609456.24
28.9668349,2.9450470364,101.304496008,1734609456.27
28.9806174682,2.94504732644,101.30449623,1734609456.33
28.8635085383,2.94504777205,101.304496219,1734609456.37
29.0400170526,2.94504808647,101.304497038,1734609456.42
29.0115101514,2.94504831187,101.304496728,1734609456.47
28.9157283846,2.9450491049,101.304496857,1734609456.53
28.9407054577,2.94504921952,101.30449701,1734609456.57
28.9677664936,2.94504949669,101.304497246,1734609456.62
28.9472939717,2.94504992124,101.304497409,1734609456.67
28.7937462423,2.94505058744,101.304497224,1734609456.72
28.8632751564,2.94505084829,101.304497489,1734609456.77
28.8960686177,2.94505124781,101.304497717,1734609456.82
28.8557516998,2.94505157995,101.304497841,1734609456.87
28.8291128082,2.94505192203,101.304497942,1734609456.93
28.8157731071,2.94505229036,101.304498034,1734609456.98
28.8676295504,2.94505280703,101.304498271,1734609457.05
28.9012242593,2.94505298974,101.304498501,1734609457.07
28.9026285326,2.94505327435,101.304498683,1734609457.12
28.9202263411,2.94505373189,101.304498932,1734609457.17
28.8982340852,2.94505413378,101.304499013,1734609457.23
28.8740118155,2.94505454216,101.304499119,1734609457.26
28.9154860601,2.94505490488,101.304499374,1734609457.35
28.947541493,2.94505525639,101.304499609,1734609457.38
28.9278915981,2.94505560456,101.304499737,1734609457.44
28.8720089663,2.94505588417,101.304499826,1734609457.47
28.8963341555,2.94505629238,101.304500031,1734609457.53
28.9865311636,2.945056678,101.304500389,1734609457.57
28.9946534215,2.94505701869,101.304500624,1734609457.62
28.9172767652,2.9450574237,101.304500766,1734609457.68
28.9131293911,2.94505768948,101.304500958,1734609457.73
28.9698939826,2.94505796124,101.304501223,1734609457.78
29.0031652935,2.9450580837,101.304501479,1734609457.82
28.942461445,2.94505855396,101.304501555,1734609457.87
28.8899557265,2.94505912065,101.30450171,1734609457.92
28.898092282,2.94505934503,101.304501931,1734609457.97
28.9227743028,2.94505945287,101.304502179,1734609458.05
28.9473034395,2.94505975947,101.304502463,1734609458.08
28.9387735054,2.94506003506,101.304502708,1734609458.12
28.9449713156,2.94506032343,101.304502956,1734609458.2
28.9947314505,2.94506054886,101.304503249,1734609458.22
29.0151216052,2.94506098823,101.304503477,1734609458.27
29.0304234689,2.94506123708,101.304503691,1734609458.32
29.072962028,2.94506137746,101.304503972,1734609458.37
29.120175113,2.94506151507,101.304504255,1734609458.42
29.0478662224,2.94506200779,101.30450437,1734609458.5
28.8293885291,2.94506271205,101.304504246,1734609458.53
28.9111575196,2.94506299696,101.304504664,1734609458.57
28.8570299456,2.94506323588,101.30450469,1734609458.62
28.8730267547,2.94506345716,101.304504876,1734609458.67
28.8673396762,2.94506384307,101.304505131,1734609458.72
28.9155340465,2.94506413686,101.304505426,1734609458.78
28.9408788532,2.945064388,101.304505783,1734609458.82
28.8755578939,2.94506466811,101.304505751,1734609458.87
28.7909656428,2.94506508787,101.304505708,1734609458.93
28.8173257839,2.94506530804,101.304506049,1734609458.97
28.7745833369,2.94506569284,101.30450617,1734609459.06
28.7798511544,2.94506593978,101.304506413,1734609459.08
28.7678219425,2.94506643488,101.304506687,1734609459.12
28.809221142,2.94506671256,101.30450687,1734609459.17
28.8735263245,2.94506676681,101.304507154,1734609459.25
28.9307643883,2.94506694936,101.304507666,1734609459.27
28.9038190525,2.94506718781,101.304507706,1734609459.32
28.9901421154,2.9450674562,101.304508174,1734609459.37
29.0300849983,2.94506789806,101.304508494,1734609459.42
29.0482681515,2.94506819334,101.304508626,1734609459.47
28.9440209726,2.94506880344,101.304508613,1734609459.53
28.9604565566,2.94506910979,101.304508894,1734609459.57
28.9615459321,2.94506961774,101.304509089,1734609459.63
28.9775617402,2.94506988086,101.304509305,1734609459.68
28.9761128137,2.94507012023,101.304509507,1734609459.72
29.0145978034,2.94507045943,101.304509827,1734609459.78
29.0228998493,2.94507077047,101.304510101,1734609459.83
28.9889113875,2.94507113172,101.30451022,1734609459.87
28.9652987439,2.94507155057,101.304510423,1734609459.96
28.9852875425,2.94507185628,101.304510635,1734609459.97
29.0138224605,2.94507217347,101.304511034,1734609460.04
29.0246364558,2.94507267687,101.304511271,1734609460.07
28.9771937486,2.94507308266,101.30451125,1734609460.12
29.0047831461,2.94507342472,101.304511517,1734609460.17
29.0494615678,2.94507371467,101.304511913,1734609460.22
29.0488270437,2.94507401611,101.30451202,1734609460.27
29.0494461814,2.94507448918,101.304512335,1734609460.32
28.9785262421,2.94507516434,101.304512446,1734609460.37
28.3195506968,2.94507199665,101.304505732,1734609460.42
28.3238460785,2.94507245692,101.304506109,1734609460.47
28.3163626837,2.94507281186,101.304506305,1734609460.52
28.4026203062,2.94507327015,101.304506606,1734609460.57
28.4807909532,2.94507388324,101.304507054,1734609460.63
28.4686967544,2.94507439,101.304507255,1734609460.68
28.4484124733,2.94507466834,101.304507654,1734609460.73
28.3364697089,2.94507550565,101.304507775,1734609460.78
28.3049211623,2.94507619437,101.304508,1734609460.83
28.3286734372,2.94507673507,101.304508422,1734609460.88
28.3031931482,2.94507726597,101.304508773,1734609460.92
28.275050709,2.94507790965,101.304509145,1734609460.98
28.3531216104,2.94507827138,101.304509544,1734609461.06
28.3584817117,2.94507891979,101.304509888,1734609461.08
28.3668684922,2.9450793024,101.304510317,1734609461.13
28.3368420228,2.94508012444,101.304510567,1734609461.18
28.2932739006,2.94508088304,101.304510855,1734609461.23
28.3034186019,2.94508145944,101.304511258,1734609461.28
28.2952764882,2.94508157486,101.304511501,1734609461.33
28.3217361933,2.94508230968,101.304511738,1734609461.37
28.3414030755,2.94508288758,101.304512193,1734609461.43
28.3722759979,2.94508341575,101.304512543,1734609461.47
28.4165905826,2.94508406079,101.304512968,1734609461.54
28.3756209668,2.94508489009,101.304513474,1734609461.57
28.265916694,2.94508561886,101.304513649,1734609461.62
28.1774010621,2.94508611529,101.304513842,1734609461.67
28.1815289864,2.94508707421,101.304514333,1734609461.72
28.1912932321,2.94508778879,101.304514853,1734609461.77
28.1689327117,2.94508828304,101.304514998,1734609461.82
28.2251212196,2.94508900475,101.30451546,1734609461.87
28.2279516906,2.94508960837,101.304515908,1734609461.92
28.2037046701,2.94509025587,101.304516152,1734609461.97
28.251356896,2.94509068849,101.304516447,1734609462.07
28.3102400051,2.94509138681,101.30451693,1734609462.07
28.2965057557,2.94509194217,101.304517359,1734609462.12
28.3966573356,2.9450922978,101.304517763,1734609462.17
28.4198086346,2.94509273388,101.304518034,1734609462.24
28.4119005147,2.94509349056,101.30451855,1734609462.26
28.4448367404,2.94509409939,101.304519157,1734609462.31
28.1787701566,2.94509526238,101.304519104,1734609462.37
28.3867570879,2.94509565236,101.304519692,1734609462.43
28.3562787874,2.945096247,101.304520036,1734609462.48
28.3207263816,2.94509711327,101.304520412,1734609462.54
28.3524942286,2.94509772951,101.304520889,1734609462.58
28.2859917693,2.94509835191,101.304521172,1734609462.63
28.3099091174,2.94509891766,101.304521422,1734609462.68
28.3204640532,2.94509964167,101.304521721,1734609462.72
28.2582096634,2.94510022028,101.304522052,1734609462.77
28.3338897815,2.94510065089,101.304522478,1734609462.83
28.3269838821,2.94510114592,101.304522859,1734609462.87
28.4380722437,2.94510187039,101.304523324,1734609462.93
28.2541307788,2.9451023621,101.304523346,1734609462.98
28.1875987668,2.9451030188,101.304523602,1734609463.06
28.2838492049,2.94510359238,101.304524104,1734609463.11
28.2637013122,2.945104123,101.304524537,1734609463.17
28.2756727254,2.94510460081,101.304524776,1734609463.18
28.2913089506,2.94510499732,101.304524987,1734609463.24
28.3349360554,2.94510542703,101.304525377,1734609463.28
28.3220911659,2.94510601595,101.304525705,1734609463.32
28.3020428829,2.94510650306,101.304525997,1734609463.37
28.3274342529,2.94510690819,101.304526309,1734609463.43
28.3096415065,2.94510749223,101.304526486,1734609463.48
28.3400822468,2.94510772594,101.304526722,1734609463.53
28.2760046432,2.94510850825,101.304527018,1734609463.57
28.2492429214,2.94510902369,101.304527254,1734609463.63
28.237308085,2.9451093114,101.304527383,1734609463.67
28.3313037027,2.94510954351,101.304527742,1734609463.72
28.2241722094,2.94511023433,101.304527975,1734609463.77
28.2286118828,2.94511086967,101.304528312,1734609463.82
28.2074477281,2.94511117812,101.304528528,1734609463.87
28.2517321892,2.94511162546,101.304528796,1734609463.94
28.2509175166,2.94511214756,101.304529053,1734609463.97
28.2429858409,2.94511241322,101.30452933,1734609464.04
28.2792555392,2.94511287395,101.304529737,1734609464.07
28.1993451044,2.94511331357,101.304529823,1734609464.12
28.1662523001,2.94511386534,101.304529957,1734609464.17
28.2081032703,2.94511417711,101.304530244,1734609464.25
28.193354018,2.94511439853,101.30453044,1734609464.28
28.0847890526,2.94511478132,101.304530417,1734609464.33
28.1862515286,2.94511500607,101.304530717,1734609464.41
28.0070766089,2.94511568413,101.304530654,1734609464.43
28.114205773,2.94511602143,101.304530963,1734609464.48
28.3645364232,2.94511597589,101.304531642,1734609464.54
28.3385239374,2.94511646024,101.30453181,1734609464.58
28.3862932222,2.94511688226,101.304532111,1734609464.63
28.3620528309,2.94511709409,101.304532198,1734609464.68
28.3330283687,2.94511747757,101.304532291,1734609464.73
28.3707491178,2.94511767113,101.304532704,1734609464.77
28.4239925146,2.94511795553,101.304533069,1734609464.83
28.214675148,2.94511859156,101.304532856,1734609464.88
27.8356422987,2.94511915417,101.30453221,1734609464.93
27.9215570716,2.94511956281,101.30453257,1734609464.97
28.1726529021,2.9451199718,101.304533449,1734609465.06
28.1687382916,2.94512030202,101.304533596,1734609465.08
28.1636638492,2.94512045126,101.304533697,1734609465.12
28.1006506402,2.9451206739,101.304533766,1734609465.19
28.0434244471,2.9451210161,101.304533607,1734609465.24
28.0642538266,2.94512142295,101.304533803,1734609465.27
28.0597690092,2.94512177205,101.304533953,1734609465.34
28.0344819482,2.94512196955,101.304534037,1734609465.37
27.9875364322,2.9451223212,101.304533997,1734609465.42
27.9194056159,2.94512264417,101.304533978,1734609465.47
27.897245056,2.94512312988,101.304534216,1734609465.53
27.9137158534,2.94512354262,101.304534442,1734609465.57
27.8605984934,2.9451238404,101.304534325,1734609465.63
27.8587691644,2.94512424867,101.304534455,1734609465.67
27.8510044478,2.94512447615,101.304534657,1734609465.72
27.8795394581,2.94512462048,101.304534878,1734609465.76
27.8705347208,2.94512516025,101.304535157,1734609465.83
27.8286642823,2.94512580608,101.304535498,1734609465.86
27.8495499045,2.94512610959,101.304535445,1734609465.92
27.7614994952,2.94512673948,101.304535687,1734609465.97
27.7487432463,2.94512677062,101.304535649,1734609466.05
27.8076739712,2.94512681644,101.304535948,1734609466.07
27.8287035506,2.94512715339,101.304536255,1734609466.12
27.8359516189,2.94512738702,101.304536347,1734609466.17
27.8546792511,2.94512788392,101.304536644,1734609466.23
27.8274681456,2.94512822614,101.304536788,1734609466.28
27.7597015891,2.94512851602,101.3045369,1734609466.32
27.763378554,2.94512860791,101.304536969,1734609466.37
27.7766242586,2.94512890312,101.304537205,1734609466.43
27.7288835924,2.94512938414,101.304537401,1734609466.47
27.6944686333,2.94512980462,101.30453753,1734609466.55
27.7057515383,2.94513041557,101.304537961,1734609466.61
27.7982302764,2.9451306349,101.304537884,1734609466.66
27.7998069022,2.94513086843,101.304538043,1734609466.68
27.8323088679,2.94513118464,101.304538336,1734609466.72
27.8598953355,2.94513154662,101.304538468,1734609466.77
27.9161966387,2.94513208844,101.304538839,1734609466.82
27.8648333224,2.94513249364,101.304538947,1734609466.87
27.8365494078,2.94513274342,101.304539092,1734609466.92
27.8243999472,2.94513303098,101.304539276,1734609466.97
27.8609467344,2.9451334084,101.304539526,1734609467.05
27.8792722011,2.94513383734,101.304539636,1734609467.08
27.889275196,2.94513418736,101.304539873,1734609467.12
27.8231947999,2.94513451136,101.304539916,1734609467.17
27.7687287778,2.94513468668,101.304539832,1734609467.22
27.7559807599,2.94513491261,101.304539956,1734609467.29
27.7552474439,2.94513518557,101.304540112,1734609467.33
27.7362689329,2.94513576395,101.304540496,1734609467.37
27.7133419421,2.94513607315,101.304540544,1734609467.42
27.7322313357,2.9451365723,101.304540936,1734609467.47
27.8514455091,2.94513693919,101.304541399,1734609467.53
27.883045407,2.94513714581,101.304541688,1734609467.57
27.5735195028,2.94513757287,101.304540913,1734609467.62
27.9743962577,2.94513800876,101.304542414,1734609467.67
28.0574023155,2.9451383924,101.304542819,1734609467.72
28.0461405357,2.9451386866,101.30454293,1734609467.77
28.0256103519,2.94513896648,101.304543114,1734609467.82
28.0562200565,2.94513909031,101.304543248,1734609467.87
28.1371736024,2.94513933846,101.304543533,1734609467.92
28.2065606331,2.94513966821,101.304543908,1734609467.97
28.2012692578,2.94514010897,101.304544146,1734609468.06
28.1922367932,2.94514041422,101.304544356,1734609468.07
28.1911852695,2.9451406728,101.304544557,1734609468.12
28.1496361746,2.94514097248,101.304544646,1734609468.17
28.1441541146,2.945141217,101.304544906,1734609468.26
28.2490339754,2.94514153609,101.304545266,1734609468.28
28.3165062526,2.94514198765,101.304545634,1734609468.33
28.2683824822,2.94514240346,101.304545707,1734609468.37
28.3026222056,2.94514272301,101.304546115,1734609468.43
28.3645849107,2.94514313017,101.30454642,1734609468.48
28.3357580006,2.94514340011,101.304546553,1734609468.54
28.366047781,2.94514363825,101.304546705,1734609468.58
28.4199000159,2.94514416658,101.304547109,1734609468.62
28.3590851119,2.94514464631,101.304547221,1734609468.67
28.1747500487,2.94514525094,101.304546974,1734609468.72
28.2294314606,2.9451456248,101.304547312,1734609468.77
28.2779622879,2.94514607546,101.30454756,1734609468.83
28.3110584486,2.94514635927,101.304547725,1734609468.87
28.4574277792,2.94514631636,101.30454815,1734609468.92
28.4159116298,2.945146538,101.304548229,1734609468.97
28.178721996,2.94514732102,101.304547822,1734609469.05
28.1344182175,2.94514769016,101.304547984,1734609469.07
28.1886070846,2.94514792153,101.30454829,1734609469.12
28.113768789,2.94514841355,101.304548449,1734609469.23
28.0341349104,2.94514886489,101.304548502,1734609469.27
27.9162614653,2.94514936781,101.30454847,1734609469.32
27.8806810072,2.94514994005,101.304548719,1734609469.37
27.8743115067,2.94515010952,101.304548894,1734609469.42
27.9353911877,2.94515039102,101.304549176,1734609469.47
27.8985363506,2.94515095116,101.304549336,1734609469.53
27.8660158617,2.94515142597,101.30454942,1734609469.57
28.287640404,2.94515129358,101.304550217,1734609469.62
28.2458594805,2.94515159997,101.304550436,1734609469.67
28.2287166202,2.9451517512,101.304550562,1734609469.73
28.1545190988,2.94515219586,101.304550606,1734609469.78
28.144217208,2.94515258311,101.304550769,1734609469.84
28.2211450199,2.94515290212,101.304551046,1734609469.89
28.3014882617,2.9451530215,101.304551224,1734609469.92
28.4246919416,2.94515323926,101.304551482,1734609469.97
28.0141804479,2.9451539055,101.30455114,1734609470.05
28.1228760211,2.94515409213,101.304551487,1734609470.08
28.1558969794,2.94515441608,101.304551702,1734609470.12
28.1422049189,2.94515485596,101.304551846,1734609470.17
28.1497131847,2.9451551846,101.304552115,1734609470.22
28.1269430565,2.94515541101,101.304552353,1734609470.3
28.0990443714,2.94515558867,101.304552393,1734609470.33
28.1419249931,2.94515580819,101.304552499,1734609470.37
28.1902893502,2.94515613714,101.3045527,1734609470.44
28.1790289432,2.94515658087,101.304552902,1734609470.47
28.1452468699,2.94515688084,101.304553038,1734609470.53
28.1650498975,2.94515699208,101.304553293,1734609470.57
28.1481555747,2.94515732442,101.304553462,1734609470.63
28.1352078235,2.94515777322,101.304553635,1734609470.68
28.221172302,2.9451582243,101.304553999,1734609470.73
28.0749256266,2.94515884345,101.304554033,1734609470.79
28.1008470003,2.94515900032,101.304554229,1734609470.83
28.1031201612,2.94515927556,101.304554442,1734609470.88
28.1386818541,2.94515957981,101.304554725,1734609470.92
28.1255316921,2.94515988938,101.304554895,1734609470.97
28.0729463985,2.94516022613,101.304555073,1734609471.05
28.0292021446,2.94516052223,101.304555252,1734609471.08
28.0024583004,2.94516078909,101.304555332,1734609471.12
28.0751559939,2.94516107699,101.304555595,1734609471.17
28.0862197606,2.94516156277,101.304555755,1734609471.24
28.092207972,2.94516191248,101.30455593,1734609471.27
28.0085849781,2.94516213346,101.304556018,1734609471.32
27.9686421873,2.94516228828,101.304556218,1734609471.37
27.9805820268,2.9451626075,101.304556524,1734609471.42
28.0330997854,2.94516306781,101.304556937,1734609471.46
28.0836776411,2.94516344243,101.304557263,1734609471.53
28.0314036561,2.94516384247,101.304557387,1734609471.58
27.9701112546,2.94516415528,101.304557476,1734609471.63
27.9530866407,2.94516439426,101.304557685,1734609471.68
27.9638870787,2.94516473243,101.304557988,1734609471.72
28.0136578847,2.945165166,101.304558336,1734609471.77
28.0449971911,2.94516570542,101.30455863,1734609471.83
28.072478191,2.94516606586,101.304558806,1734609471.87
28.0546344928,2.94516622933,101.30455895,1734609471.92
27.9861219134,2.94516656456,101.30455914,1734609471.97
27.9331955593,2.9451668596,101.304559253,1734609472.06
27.9537547613,2.94516715767,101.304559375,1734609472.07
27.9741978692,2.94516765828,101.304559685,1734609472.13
28.0504046353,2.94516805385,101.30456008,1734609472.18
28.0307767335,2.94516855251,101.304560304,1734609472.24
28.0583700547,2.94516884478,101.304560565,1734609472.28
27.9923465056,2.94516914042,101.304560705,1734609472.33
27.8977970574,2.94516954283,101.304560864,1734609472.37
27.8930056663,2.94516985117,101.304561046,1734609472.43
27.9050017875,2.94517034487,101.304561357,1734609472.47
27.9675764963,2.94517071615,101.304561658,1734609472.53
28.0112271784,2.94517099481,101.304561967,1734609472.57
27.9905921454,2.94517134259,101.304562177,1734609472.63
27.9712686772,2.94517167637,101.304562306,1734609472.68
27.9387977384,2.94517214686,101.304562459,1734609472.72
27.9425038751,2.94517257761,101.304562763,1734609472.77
27.9915800048,2.94517291092,101.304563053,1734609472.83
27.9710630104,2.94517321427,101.304563189,1734609472.88
27.9482986173,2.94517336875,101.304563295,1734609472.92
27.9193451591,2.94517374488,101.304563514,1734609472.97
27.9557036404,2.94517423553,101.304563885,1734609473.05
28.0286075901,2.94517467549,101.304564292,1734609473.07
28.019603732,2.94517497775,101.304564497,1734609473.12
28.0384245114,2.94517523659,101.304564664,1734609473.17
27.9564904626,2.94517556022,101.304564651,1734609473.23
27.9076235835,2.94517591274,101.30456472,1734609473.27
27.9032239132,2.94517639194,101.304564977,1734609473.32
27.9282030771,2.94517679997,101.304565261,1734609473.37
27.9548901608,2.9451772666,101.304565573,1734609473.42
27.9864143021,2.94517761237,101.304565848,1734609473.48
27.9894335736,2.94517786112,101.304566107,1734609473.55
28.0025347602,2.94517830004,101.304566382,1734609473.58
27.9760486949,2.9451787961,101.304566585,1734609473.62
28.0106845424,2.94517931471,101.304566975,1734609473.68
28.0343193775,2.94517961153,101.304567231,1734609473.72
27.9848358259,2.94517999251,101.304567285,1734609473.78
27.9919753484,2.94518028781,101.30456748,1734609473.83
27.9375590626,2.94518082396,101.304567758,1734609473.89
27.9497175496,2.94518129401,101.304568033,1734609473.92
27.9649401512,2.94518175213,101.304568324,1734609473.96
27.9853827786,2.94518206661,101.304568554,1734609474.04
27.9886954511,2.94518226131,101.304568747,1734609474.07
27.9081014376,2.94518286762,101.304568874,1734609474.12
27.9542041076,2.94518335351,101.304569183,1734609474.17
28.0206047688,2.94518388895,101.304569502,1734609474.25
27.9853295479,2.94518431603,101.304569622,1734609474.28
27.9634333272,2.9451847418,101.304569902,1734609474.36
27.9442282394,2.94518522268,101.304570179,1734609474.39
27.96328214,2.94518582574,101.304570594,1734609474.43
27.9709719531,2.94518624599,101.304570916,1734609474.47
27.9726094455,2.94518659309,101.304571037,1734609474.53
27.97110881,2.94518697715,101.304571183,1734609474.57
27.9645741107,2.94518743655,101.304571522,1734609474.63
27.9684921205,2.94518805764,101.304571912,1734609474.68
27.9939061943,2.94518849449,101.304572181,1734609474.73
27.9773731316,2.94518887778,101.304572353,1734609474.79
27.9390603704,2.94518923041,101.304572498,1734609474.83
27.9331720006,2.94518966857,101.304572757,1734609474.88
27.9910801547,2.94519019548,101.304573108,1734609474.93
27.9898798438,2.94519063006,101.304573315,1734609474.97
28.011895298,2.94519103058,101.304573498,1734609475.06
28.024048252,2.94519148017,101.304573783,1734609475.07
27.9871929931,2.94519204149,101.30457403,1734609475.13
28.0173273617,2.94519244044,101.3045744,1734609475.17
28.0263774265,2.94519281194,101.304574611,1734609475.23
28.0407694746,2.94519314336,101.304574793,1734609475.27
28.018051587,2.94519353398,101.304575031,1734609475.32
27.9980872236,2.94519404718,101.304575383,1734609475.37
28.04105171,2.94519447926,101.304575743,1734609475.45
28.0087774433,2.94519490554,101.304575883,1734609475.47
27.9826838179,2.94519533128,101.304576018,1734609475.53
28.0003560428,2.94519566498,101.304576219,1734609475.57
28.0071383566,2.94519599256,101.304576422,1734609475.64
28.0239030682,2.94519655818,101.304576711,1734609475.67
28.0477945292,2.94519702172,101.304577044,1734609475.72
28.0253176121,2.94519732055,101.30457722,1734609475.77
28.0400131913,2.94519764494,101.304577422,1734609475.83
28.0163613698,2.94519802904,101.304577607,1734609475.87
27.9851605771,2.94519844147,101.304577803,1734609475.92
28.0247771973,2.94519880025,101.304578076,1734609475.97
28.0276107229,2.94519923861,101.304578243,1734609476.05
28.0379397199,2.9451995864,101.304578445,1734609476.07
28.040870945,2.945199976,101.304578719,1734609476.13
28.0058788462,2.94520030811,101.304578861,1734609476.17
27.9882108057,2.94520067139,101.304579116,1734609476.22
27.9842099687,2.94520110987,101.304579353,1734609476.27
27.9698453844,2.94520153454,101.304579463,1734609476.32
27.9801741736,2.94520183016,101.304579562,1734609476.37
27.9722502073,2.94520213004,101.304579732,1734609476.46
28.0558638098,2.94520234052,101.304580043,1734609476.47
28.0788237387,2.94520257552,101.304580385,1734609476.56
28.0639640447,2.94520296738,101.304580618,1734609476.57
28.0525449179,2.94520339534,101.30458081,1734609476.62
28.066673982,2.94520375016,101.304581069,1734609476.67
28.0645342302,2.94520400789,101.304581222,1734609476.72
28.0183346402,2.94520436509,101.304581346,1734609476.77
28.03625903,2.94520464132,101.304581607,1734609476.82
28.0411229534,2.94520502154,101.304581827,1734609476.86
28.0430386346,2.94520532673,101.304582066,1734609476.92
28.0054388298,2.94520576572,101.304582263,1734609476.98
28.0562798856,2.94520601911,101.304582477,1734609477.07
28.0745509062,2.94520623299,101.304582613,1734609477.07
28.066667839,2.94520657449,101.304582792,1734609477.13
28.0471651666,2.94520698542,101.304582989,1734609477.17
28.0346083166,2.94520739381,101.30458319,1734609477.23
28.0487527642,2.94520766,101.304583463,1734609477.28
28.0497547351,2.94520803639,101.304583624,1734609477.33
28.0470632333,2.94520842519,101.304583766,1734609477.37
28.0746283047,2.94520860548,101.304584018,1734609477.45
28.0938177686,2.94520884463,101.304584257,1734609477.48
28.0620036488,2.94520933245,101.30458449,1734609477.53
28.0384881757,2.94520974666,101.304584653,1734609477.58
28.0431395136,2.94520998163,101.304584889,1734609477.62
28.0743764304,2.94521026178,101.304585121,1734609477.68
28.0385164786,2.945210655,101.304585188,1734609477.72
28.0517121432,2.9452110169,101.304585406,1734609477.77
28.0929088704,2.94521132901,101.304585696,1734609477.82
28.0870445417,2.94521171583,101.304585912,1734609477.87
28.0367302857,2.94521216158,101.304586013,1734609477.92
28.0297626089,2.94521248175,101.304586244,1734609477.97
28.0655654157,2.94521272484,101.304586492,1734609478.05
28.0591810485,2.94521307427,101.304586646,1734609478.07
28.0728581985,2.94521339405,101.304586832,1734609478.13
28.071153678,2.94521377025,101.304587029,1734609478.18
28.0631548129,2.94521413397,101.304587212,1734609478.25
28.0658338657,2.94521446826,101.304587485,1734609478.27
28.0788349053,2.94521465494,101.304587776,1734609478.34
28.0628895825,2.94521508087,101.30458791,1734609478.38
28.0611138549,2.94521544731,101.304588053,1734609478.42
28.0657716757,2.94521584667,101.304588276,1734609478.47
28.1007829234,2.94521617189,101.304588547,1734609478.53
28.1213204823,2.94521651973,101.304588858,1734609478.57
28.0853299843,2.94521687002,101.304588958,1734609478.62
28.0890376763,2.94521710123,101.304589108,1734609478.67
28.1120279515,2.9452174004,101.304589344,1734609478.72
28.0937000392,2.94521785194,101.304589533,1734609478.77
28.0974498847,2.94521816516,101.304589724,1734609478.83
28.0999419568,2.94521847307,101.304589962,1734609478.87
28.0837286925,2.94521883849,101.304590217,1734609478.94
28.0800890969,2.94521918497,101.304590426,1734609478.98
28.0876775254,2.94521948602,101.304590641,1734609479.07
28.0856078127,2.94521987429,101.304590824,1734609479.08
28.0708766645,2.94522027784,101.304591002,1734609479.13
28.0613240842,2.94522071828,101.304591214,1734609479.18
28.0533574466,2.94522111257,101.30459137,1734609479.24
28.0517161936,2.94522144093,101.304591546,1734609479.27
28.0839300146,2.94522167176,101.30459178,1734609479.34
28.0754281282,2.94522202598,101.304591975,1734609479.38
28.1317054518,2.94522230843,101.304592249,1734609479.42
28.1409723014,2.94522265223,101.30459251,1734609479.47
28.067784261,2.94522318747,101.304592601,1734609479.54
28.085979457,2.94522344347,101.304592807,1734609479.58
28.096044912,2.94522376841,101.304593002,1734609479.63
28.0928451372,2.94522411243,101.304593216,1734609479.69
28.050190717,2.94522453306,101.304593356,1734609479.73
28.0636057854,2.94522488308,101.304593592,1734609479.77
28.0730499895,2.94522527029,101.304593811,1734609479.83
28.0885865577,2.94522556994,101.304594044,1734609479.87
28.0890473593,2.94522588407,101.304594195,1734609479.92
28.0852243016,2.94522626356,101.30459436,1734609479.97
28.0990871908,2.94522659642,101.304594574,1734609480.05
28.1199690038,2.94522696206,101.304594859,1734609480.07
28.1066205464,2.94522730381,101.304595075,1734609480.14
28.1006250298,2.94522765869,101.304595314,1734609480.17
28.0783971231,2.94522798186,101.304595444,1734609480.23
28.0643462287,2.94522828674,101.304595591,1734609480.27
28.0702745691,2.94522861961,101.304595839,1734609480.33
28.0645995261,2.94522902603,101.304596004,1734609480.37
28.0700871767,2.94522944978,101.304596263,1734609480.42
28.0957353357,2.94522978277,101.304596534,1734609480.46
28.0956223402,2.94523012035,101.30459668,1734609480.52
28.0693806466,2.94523050832,101.304596781,1734609480.57
28.0793963186,2.94523078994,101.304597028,1734609480.62
28.0779665699,2.94523115923,101.304597228,1734609480.66
28.1024869587,2.94523160931,101.304597543,1734609480.73
28.090162538,2.94523197276,101.304597723,1734609480.77
28.0870426623,2.94523224977,101.304597891,1734609480.83
28.0878998181,2.94523260172,101.304598103,1734609480.88
28.0936148316,2.94523295169,101.304598335,1734609480.92
28.1186916046,2.94523328631,101.304598604,1734609480.97
28.11455811,2.94523366355,101.304598782,1734609481.05
28.1053596362,2.94523406966,101.304598987,1734609481.07
28.1102699349,2.9452344332,101.304599231,1734609481.12
28.1143842246,2.94523481963,101.304599515,1734609481.17
28.0916143367,2.94523531128,101.304599738,1734609481.26
28.1085132044,2.9452358098,101.304600023,1734609481.27
28.1247115601,2.94523631533,101.304600327,1734609481.32
28.1474262625,2.9452367574,101.304600714,1734609481.37
28.1306598876,2.9452372738,101.304601031,1734609481.42
28.1148026492,2.94523784516,101.304601295,1734609481.47
28.1309529031,2.945238391,101.304601695,1734609481.53
28.1509262091,2.94523894102,101.30460208,1734609481.57
28.1413379237,2.94523947415,101.304602421,1734609481.62
28.1678208811,2.94524013532,101.304602847,1734609481.68
28.1712067109,2.94524072827,101.304603215,1734609481.72
28.2138706567,2.94524132679,101.304603695,1734609481.77
28.1734571038,2.94524192326,101.304604017,1734609481.83
28.1915938649,2.94524256688,101.304604443,1734609481.87
28.1939669345,2.94524316591,101.304604762,1734609481.94
28.1936183805,2.94524383506,101.304605148,1734609481.97
28.219745242,2.94524450863,101.304605669,1734609482.05
28.2242476502,2.94524524223,101.304606025,1734609482.07
28.1889691018,2.94524588393,101.30460633,1734609482.12
28.1911241719,2.94524661257,101.304606858,1734609482.17
28.2260610061,2.94524732722,101.304607318,1734609482.22
28.195001293,2.94524808315,101.304607698,1734609482.27
28.1726087453,2.94524884444,101.30460814,1734609482.31
28.1848378256,2.94524961514,101.304608541,1734609482.36
28.2166519454,2.94525044846,101.304609054,1734609482.43
28.2189708585,2.94525118031,101.304609529,1734609482.47
28.1940039741,2.94525186456,101.304609845,1734609482.53
28.2112945113,2.9452526698,101.304610378,1734609482.58
28.2013319097,2.94525337922,101.304610818,1734609482.65
28.2459315164,2.94525421402,101.304611425,1734609482.67
28.1978406282,2.94525512412,101.304611848,1734609482.72
28.183530286,2.94525603521,101.304612323,1734609482.77
28.1776864957,2.94525705264,101.304612926,1734609482.82
28.1954749105,2.94525802718,101.304613579,1734609482.87
28.1973781949,2.94525898837,101.304614214,1734609482.92
28.1882013585,2.94526004478,101.304614774,1734609482.97
28.1679798495,2.94526107995,101.304615381,1734609483.05
28.1625115713,2.94526215399,101.304615984,1734609483.07
28.1752407504,2.94526325484,101.304616717,1734609483.12
28.1908446271,2.94526439108,101.30461734,1734609483.17
28.1387883965,2.94526548037,101.304617924,1734609483.24
28.159301402,2.94526663264,101.304618621,1734609483.27
28.140621786,2.94526762863,101.304619228,1734609483.34
28.1403858019,2.94526877049,101.304619981,1734609483.37
28.1038183076,2.94526991919,101.304620661,1734609483.42
28.1237240499,2.94527118221,101.304621366,1734609483.47
28.1296071196,2.94527239571,101.304622126,1734609483.52
28.1304258434,2.94527354375,101.304622722,1734609483.57
28.1413334021,2.94527474111,101.304623494,1734609483.62
28.170269521,2.94527583809,101.304624323,1734609483.67
28.1517894333,2.94527699782,101.304625044,1734609483.72
28.1461456623,2.94527818392,101.304625684,1734609483.77
28.1662561512,2.94527941927,101.304626488,1734609483.85
28.1532149091,2.94528069625,101.304627284,1734609483.89
28.1472265916,2.9452819005,101.30462803,1734609483.92
28.1343237096,2.94528308175,101.304628758,1734609483.97
28.141612987,2.94528437429,101.304629549,1734609484.06
28.1577615757,2.94528556701,101.304630267,1734609484.08
28.1607254194,2.9452868582,101.304631063,1734609484.13
28.1475907862,2.94528810867,101.304631744,1734609484.17
28.1027079513,2.94528935222,101.304632443,1734609484.23
28.1219607154,2.94529069427,101.304633321,1734609484.3
28.1079352535,2.94529198665,101.304634057,1734609484.32
28.1196583146,2.94529325389,101.304634865,1734609484.37
28.1135586305,2.94529457516,101.304635648,1734609484.44
28.1119870152,2.94529587074,101.304636326,1734609484.5
28.1255548606,2.94529715003,101.30463717,1734609484.53
28.1253263485,2.94529840066,101.304637992,1734609484.57
28.1626156857,2.9452996656,101.304638975,1734609484.63
28.1664974466,2.94530100129,101.304639905,1734609484.68
28.1648601005,2.94530229211,101.304640701,1734609484.72
28.1657667374,2.94530361869,101.30464156,1734609484.77
28.1586657362,2.94530492626,101.304642281,1734609484.82
28.1692892304,2.94530618094,101.304643067,1734609484.87
28.1718352223,2.94530746016,101.304643926,1734609484.92
28.1688236902,2.94530867922,101.30464466,1734609484.97
28.1601527026,2.94530991309,101.304645419,1734609485.05
28.1517134467,2.94531124129,101.304646196,1734609485.07
28.1637161551,2.9453125995,101.304646989,1734609485.12
28.1370386789,2.94531395482,101.304647786,1734609485.17
28.1597526213,2.94531534242,101.304648678,1734609485.22
28.1305942321,2.94531666508,101.304649515,1734609485.27
28.1099388013,2.94531803372,101.304650379,1734609485.32
28.1221439932,2.94531942131,101.30465124,1734609485.37
28.1270322716,2.94532078298,101.304652063,1734609485.42
28.0931575345,2.94532214738,101.304652876,1734609485.47
28.1039708368,2.9453235651,101.304653758,1734609485.53
28.0879585398,2.9453248453,101.304654594,1734609485.57
28.0864529265,2.94532620546,101.304655462,1734609485.63
28.0865349863,2.94532755935,101.304656381,1734609485.67
28.0997716486,2.9453289511,101.304657304,1734609485.73
28.1297157416,2.94533036325,101.304658311,1734609485.77
28.1408761041,2.94533171473,101.304659211,1734609485.82
28.1514548473,2.94533309117,101.304660201,1734609485.87
28.1562670367,2.94533449823,101.304661016,1734609485.92
28.1582378577,2.94533590699,101.304661837,1734609485.97
28.1480761357,2.94533734134,101.304662654,1734609486.05
28.1411339231,2.94533878229,101.304663434,1734609486.07
28.1438710419,2.94534018404,101.304664327,1734609486.13
28.1394990468,2.94534150747,101.304665158,1734609486.17
28.1249647709,2.94534282365,101.304665944,1734609486.23
28.1390501102,2.9453441838,101.304666782,1734609486.27
28.1423252486,2.94534557682,101.304667526,1734609486.32
28.1350294342,2.94534701286,101.304668283,1734609486.37
28.1525263647,2.94534844604,101.304669186,1734609486.43
28.1546225715,2.94534995199,101.304670118,1734609486.48
28.162289218,2.94535134793,101.304671085,1734609486.54
28.1553817522,2.94535274295,101.304671929,1734609486.57
28.1479342915,2.94535417997,101.304672742,1734609486.62
28.1483447207,2.94535566178,101.304673536,1734609486.67
28.1548595261,2.94535710939,101.304674307,1734609486.72
28.1559399199,2.94535846971,101.304675051,1734609486.77
28.1543332301,2.94535984475,101.304675871,1734609486.82
28.154445623,2.94536128715,101.304676756,1734609486.87
28.157816723,2.94536272455,101.304677607,1734609486.94
28.1613544738,2.94536419833,101.304678349,1734609486.97
28.1551925847,2.94536570023,101.30467919,1734609487.05
28.1385056311,2.94536720621,101.304680067,1734609487.07
28.1370369513,2.94536863379,101.304680896,1734609487.11
28.1444360344,2.94537007825,101.304681752,1734609487.17
28.1477660714,2.94537157503,101.30468259,1734609487.23
28.1059597647,2.94537302585,101.304683275,1734609487.28
28.1099127624,2.94537451216,101.304684106,1734609487.33
28.1240475802,2.94537593557,101.304684965,1734609487.37
28.1175776711,2.94537739307,101.304685804,1734609487.43
28.1062995978,2.94537889519,101.304686601,1734609487.47
28.100069847,2.94538037487,101.304687448,1734609487.54
28.1176096704,2.94538190918,101.304688346,1734609487.57
28.1092875823,2.94538343024,101.304689175,1734609487.63
28.1046805056,2.94538492306,101.304690053,1734609487.67
28.1258126898,2.94538639184,101.304690924,1734609487.72
28.1203549402,2.9453878477,101.304691789,1734609487.78
28.1056412179,2.94538935577,101.304692506,1734609487.84
28.1573105352,2.94543729611,101.304719149,1734609489.37
28.1700565042,2.94543882943,101.304720003,1734609489.43
28.1525288392,2.9454404267,101.304720771,1734609489.48
28.1450901758,2.94544201973,101.304721685,1734609489.53
28.1482022097,2.94544361277,101.304722636,1734609489.57
28.1437674295,2.94544521162,101.304723504,1734609489.62
28.1356955562,2.94544676942,101.304724384,1734609489.67
28.124955751,2.94544844334,101.304725235,1734609489.73
28.1207287982,2.94545006964,101.304726176,1734609489.78
28.1123822434,2.94545164486,101.304727163,1734609489.82
28.1229922194,2.94545322943,101.304728074,1734609489.87
28.110469602,2.9454548493,101.304728967,1734609489.92
28.1150690531,2.94545651812,101.304729917,1734609489.97
28.1250608806,2.94545813571,101.304730912,1734609490.04
28.0857301373,2.94545973042,101.30473173,1734609490.07
28.095852945,2.945461336,101.304732733,1734609490.12
28.1142212208,2.94546287733,101.304733701,1734609490.17
28.124317063,2.94546441514,101.304734619,1734609490.24
28.1169590848,2.945466006,101.304735474,1734609490.28
28.1136195678,2.94546767399,101.304736361,1734609490.32
28.1228695055,2.94546935033,101.304737308,1734609490.38
28.1260991096,2.94547094709,101.304738238,1734609490.42
28.1258048583,2.94547255284,101.304739186,1734609490.47
28.1316010887,2.94547419572,101.30474021,1734609490.53
28.1232340764,2.94547582441,101.304741161,1734609490.56
28.1495409505,2.94547737805,101.304742127,1734609490.63
28.1501039155,2.9454789699,101.304742998,1734609490.7
28.1331480611,2.94548060583,101.304743829,1734609490.73
28.1566976598,2.94548218676,101.304744779,1734609490.79
28.1602499718,2.94548381152,101.304745725,1734609490.83
28.1537724975,2.94548555788,101.304746614,1734609490.88
28.1296030711,2.94548730684,101.304747533,1734609490.92
28.1450845608,2.94548896922,101.304748447,1734609490.97
28.1577300057,2.94549059778,101.304749354,1734609491.05
28.162335204,2.94549222319,101.304750273,1734609491.07
28.1505150786,2.94549380563,101.304751178,1734609491.13
28.152634535,2.94549546462,101.304752154,1734609491.17
28.173006502,2.94549715514,101.304753171,1734609491.23
28.1553772027,2.94549885016,101.304754102,1734609491.27
28.1200434314,2.94550043119,101.30475504,1734609491.32
28.1273489892,2.94550202016,101.304756023,1734609491.37
28.1272723749,2.94550362763,101.304756936,1734609491.42
28.1455725813,2.94550522299,101.304757863,1734609491.47
28.1417543394,2.94550690746,101.304758728,1734609491.53
28.1283441149,2.94550859714,101.304759712,1734609491.57
28.1238219142,2.94551028263,101.304760566,1734609491.64
28.1555355471,2.94551187146,101.30476141,1734609491.67
28.1617162488,2.94551344941,101.304762292,1734609491.72
28.1449562367,2.94551516411,101.304763263,1734609491.77
28.1408951031,2.94551673649,101.304764218,1734609491.83
28.1436198903,2.94551826511,101.304765094,1734609491.88
28.1531873383,2.94551991128,101.304766076,1734609491.92
28.1306125121,2.94552152197,101.304766909,1734609491.97
28.1361903027,2.94552311764,101.304767855,1734609492.06
28.1141973799,2.94552463705,101.304768726,1734609492.07
28.1187333548,2.94552623153,101.304769682,1734609492.12
28.1393132107,2.94552784972,101.304770665,1734609492.18
28.0904826801,2.94553102392,101.30477229,1734609492.28
28.1268101465,2.94553258743,101.30477323,1734609492.32
28.1427192399,2.9455341631,101.30477407,1734609492.37
28.1531311264,2.94553582741,101.3047749,1734609492.42
28.1357686082,2.94553737721,101.304775731,1734609492.48
28.119657143,2.94553897902,101.304776625,1734609492.53
28.1288668122,2.94554060064,101.304777506,1734609492.57
28.1526235286,2.94554212778,101.304778452,1734609492.63
28.1542326752,2.94554368705,101.304779387,1734609492.69
28.1264551496,2.94554521761,101.304780185,1734609492.72
28.1239056205,2.94554672563,101.304780994,1734609492.77
28.1206800323,2.945548151,101.304781884,1734609492.87
28.1249304274,2.94554971081,101.304782757,1734609492.88
28.132104625,2.94555132076,101.304783625,1734609492.95
28.1749290833,2.945552822,101.30478457,1734609492.97
28.1463970514,2.94555436534,101.304785342,1734609493.05
28.1159045827,2.94555592681,101.304786082,1734609493.07
28.1453472171,2.94555752763,101.304786923,1734609493.12
28.1436227998,2.94555915612,101.304787835,1734609493.17
28.1120041814,2.94556065459,101.304788626,1734609493.23
28.1270703524,2.94556214416,101.304789434,1734609493.27
28.1428065607,2.94556365412,101.304790319,1734609493.32
28.1024484364,2.94556509774,101.304790982,1734609493.37
28.0991497273,2.94556654402,101.304791806,1734609493.42
28.1280800775,2.94556805251,101.304792826,1734609493.47
28.1360730445,2.94556960846,101.304793668,1734609493.52
28.1198238591,2.94557106666,101.304794483,1734609493.57
28.1247817269,2.94557254475,101.30479538,1734609493.63
28.1239939453,2.94557398307,101.304796159,1734609493.67
28.1357539641,2.94557549403,101.30479691,1734609493.73
28.1377369408,2.94557975649,101.304799358,1734609493.9
28.1371972878,2.94558109813,101.30480011,1734609493.93
28.1626017103,2.94558256271,101.304800868,1734609493.97
28.1398693249,2.94558401365,101.304801617,1734609494.07
28.1540490072,2.94558548439,101.304802456,1734609494.09
28.1486706361,2.94558690421,101.304803221,1734609494.13
28.1477488894,2.9455883302,101.30480414,1734609494.19
28.1509067593,2.94558971711,101.30480497,1734609494.26
28.1571665779,2.94559110416,101.304805723,1734609494.27
28.1528661894,2.94559254848,101.304806497,1734609494.33
28.1383113461,2.94559403518,101.304807214,1734609494.37
28.1337279873,2.94559547123,101.304808015,1734609494.46
28.1464862106,2.9455981329,101.304809697,1734609494.53
28.1584444037,2.94559957981,101.304810479,1734609494.57
28.1575744329,2.94560103499,101.304811248,1734609494.62
28.1506754179,2.94560242425,101.304812036,1734609494.67
28.1404096084,2.94560381662,101.304812849,1734609494.72
28.147967211,2.94560515921,101.304813686,1734609494.77
28.129351873,2.94560650843,101.304814413,1734609494.83
28.135436492,2.94560785402,101.304815149,1734609494.87
28.1414929265,2.9456105577,101.304816579,1734609494.98
28.1327175722,2.94561192155,101.30481728,1734609495.05
28.1275030039,2.94561330056,101.304818002,1734609495.07
28.1330584036,2.94561461983,101.304818697,1734609495.12
28.1186154867,2.94561730881,101.304820081,1734609495.26
28.1262598438,2.94561860479,101.304820694,1734609495.3
28.1237971978,2.9456212427,101.304821984,1734609495.38
28.1328390334,2.94562256764,101.304822681,1734609495.45
28.1293514576,2.94562384992,101.304823399,1734609495.47
28.1314362418,2.94562513455,101.304824084,1734609495.54
28.1294977153,2.94562645783,101.304824775,1734609495.57
28.1292991471,2.94562906007,101.304826127,1734609495.67
28.1264003078,2.94563037872,101.304826736,1734609495.74
28.1381226918,2.94563172666,101.304827365,1734609495.78
28.1296491483,2.94563303277,101.304827899,1734609495.83
28.1372139463,2.9456343184,101.304828579,1734609495.87
28.1500107842,2.94563562521,101.304829271,1734609495.92
28.1490155431,2.94563694583,101.304829864,1734609495.97
28.1425802335,2.94563830347,101.304830493,1734609496.05
28.1419305997,2.94563966718,101.304831049,1734609496.08
28.1508238111,2.9456409824,101.304831659,1734609496.12
28.1528069694,2.94564228754,101.304832264,1734609496.17
28.152101256,2.94564359942,101.304832903,1734609496.23
28.1551499246,2.94564483622,101.304833484,1734609496.28
28.151540623,2.9456461005,101.304834084,1734609496.32
28.158183218,2.94564740244,101.304834646,1734609496.39
28.1499533979,2.94564873228,101.3048352,1734609496.43
28.1491348092,2.94565007638,101.304835791,1734609496.47
28.1480873367,2.94565140398,101.304836396,1734609496.56
28.1232932815,2.94565260078,101.304836947,1734609496.62
28.1335001215,2.9456538758,101.304837525,1734609496.63
28.1481751855,2.9456550657,101.304838035,1734609496.67
28.157306754,2.94565629705,101.30483855,1734609496.73
28.1483957637,2.94565748985,101.304839043,1734609496.77
28.1563280774,2.94565871418,101.304839591,1734609496.83
28.1487415079,2.94565989196,101.304840106,1734609496.87
28.1483018752,2.94566108545,101.304840676,1734609496.97
28.1507112794,2.94566225286,101.304841135,1734609497.0
28.1536120018,2.94566327562,101.304841536,1734609497.07
28.1489110058,2.9456642907,101.304841803,1734609497.08
28.1503114933,2.94566530408,101.304842141,1734609497.12
28.1648274474,2.94566635772,101.304842539,1734609497.21
28.146560777,2.9456673778,101.30484291,1734609497.25
28.1562993247,2.94566854698,101.304843263,1734609497.28
28.164881126,2.94566970403,101.304843648,1734609497.33
28.1448736694,2.94567078458,101.304843923,1734609497.37
28.1672132099,2.945671874,101.304844304,1734609497.44
28.1519777477,2.94567286711,101.304844627,1734609497.47
28.1435445035,2.94567379767,101.304844939,1734609497.55
28.1572643491,2.94567475042,101.304845263,1734609497.57
28.1531724297,2.94567568653,101.304845605,1734609497.62
28.1627867026,2.94567671958,101.304845963,1734609497.66
28.1481442023,2.94567770867,101.304846169,1734609497.72
28.1676645111,2.94567876503,101.304846426,1734609497.76
28.1602002485,2.94567977385,101.304846665,1734609497.82
28.1557653463,2.94568076016,101.304847017,1734609497.87
28.1600832688,2.94568179637,101.304847402,1734609497.93
28.1550337663,2.9456827224,101.304847681,1734609497.97
28.142472066,2.94568363578,101.304847878,1734609498.06
28.147494629,2.94568453944,101.30484809,1734609498.09
28.1679307567,2.94568552731,101.304848323,1734609498.14
28.1509675542,2.94568641242,101.304848565,1734609498.17
28.1584747769,2.9456873472,101.304848814,1734609498.23
28.1594414404,2.94568826057,101.304849103,1734609498.31
28.1516240453,2.94568917146,101.304849387,1734609498.33
28.1626438759,2.94569006924,101.304849608,1734609498.37
28.1529314211,2.94569096235,101.304849719,1734609498.45
28.1574899573,2.94569191918,101.304849977,1734609498.47
28.1534041539,2.94569286625,101.304850292,1734609498.56
28.1652966877,2.94569377234,101.304850523,1734609498.58
28.1546656676,2.9456946122,101.304850747,1734609498.64
28.1509791287,2.94569542048,101.304850981,1734609498.68
28.148738266,2.94569625031,101.304851169,1734609498.76
28.1703922208,2.94569711295,101.304851414,1734609498.77
28.1717541683,2.94569797821,101.304851589,1734609498.83
28.1531800115,2.94569882277,101.304851794,1734609498.87
28.1493292786,2.94569966996,101.304852008,1734609498.92
28.1558474666,2.94570055225,101.304852227,1734609498.98
28.1638709493,2.94570142134,101.304852498,1734609499.04
28.1658149743,2.94570226183,101.304852702,1734609499.07
28.1602498628,2.94570308698,101.3048528,1734609499.12
28.1365244258,2.94570387505,101.304852914,1734609499.16
28.1461265329,2.94570478566,101.304853101,1734609499.23
28.1401033513,2.94570562611,101.304853279,1734609499.27
28.1407888858,2.94570649633,101.304853604,1734609499.33
28.1516190553,2.94570727858,101.304853798,1734609499.37
28.1644499581,2.94570807819,101.304853964,1734609499.43
28.1537759444,2.94570888345,101.304854088,1734609499.47
28.1327378759,2.94570966336,101.304854207,1734609499.53
28.1471636575,2.94571046078,101.304854379,1734609499.58
28.1652192287,2.94571130253,101.304854517,1734609499.63
28.1605777005,2.94571208452,101.304854662,1734609499.69
28.1522225048,2.94571288203,101.304854842,1734609499.72
28.1507726815,2.94571367862,101.304855006,1734609499.78
28.1486443039,2.94571450057,101.304855088,1734609499.83
28.1536480226,2.9457152858,101.304855165,1734609499.9
28.1407859121,2.94571607022,101.30485525,1734609499.93
28.1378556741,2.94571687918,101.304855414,1734609499.97
28.1453700745,2.9457176316,101.304855622,1734609500.05
28.1786112282,2.94571844641,101.304855778,1734609500.08
28.1613889867,2.94571915687,101.304855909,1734609500.16
28.1662518522,2.9457199321,101.304855994,1734609500.18
28.1526782485,2.94572065203,101.304856111,1734609500.23
28.1748044277,2.945721435,101.304856209,1734609500.27
28.1743795322,2.94572225136,101.304856374,1734609500.32
28.1651073797,2.94572302989,101.304856503,1734609500.37
28.1506269872,2.94572377384,101.304856681,1734609500.43
28.1570990048,2.94572454052,101.304856868,1734609500.47
28.1522542071,2.94572521218,101.304856964,1734609500.53
28.1661368292,2.94572597798,101.304857048,1734609500.59
28.1483279401,2.94572666483,101.304857157,1734609500.64
28.1522772405,2.94572737918,101.304857282,1734609500.67
28.174563827,2.94572809444,101.304857427,1734609500.73
28.1780792894,2.94572872328,101.30485754,1734609500.78
28.1517886836,2.94572930186,101.304857712,1734609500.85
28.1553021818,2.94572994763,101.304857789,1734609500.88
28.1671051802,2.94573061421,101.304857913,1734609500.95
28.1600363413,2.94573119277,101.304858016,1734609500.98
28.151652866,2.94573171538,101.304858065,1734609501.05
28.1465213653,2.94573218826,101.304858166,1734609501.08
28.1565447953,2.94573262471,101.304858285,1734609501.14
28.164868501,2.94573304105,101.304858417,1734609501.18
28.1708043972,2.94573348319,101.304858534,1734609501.23
28.1768496158,2.94573387404,101.304858565,1734609501.28
28.1679928349,2.94573424523,101.304858591,1734609501.33
28.1537233489,2.94573457558,101.304858621,1734609501.37
28.150112221,2.94573489635,101.304858712,1734609501.43
28.1515085846,2.94573524812,101.304858821,1734609501.47
28.1568791633,2.94573560269,101.304858932,1734609501.53
28.1578675965,2.94573597354,101.304859001,1734609501.58
28.1514925035,2.94573632781,101.30485904,1734609501.63
28.1379189063,2.94573665375,101.304859064,1734609501.67
28.1349425009,2.94573696645,101.304859101,1734609501.72
28.1427911809,2.94573728378,101.304859136,1734609501.77
28.1540212259,2.94573763185,101.304859226,1734609501.85
28.1502119275,2.94573796869,101.304859326,1734609501.87
28.1432213094,2.94573829216,101.304859383,1734609501.93
28.1457459405,2.94573865646,101.30485945,1734609501.97
28.1437389711,2.94573897349,101.304859502,1734609502.06
28.1498414064,2.94573924836,101.304859548,1734609502.07
28.1497122208,2.94573952613,101.304859612,1734609502.12
28.1507229349,2.94573981802,101.304859694,1734609502.18
28.1578268148,2.94574011954,101.304859792,1734609502.23
28.1600806443,2.94574041504,101.304859895,1734609502.28
28.1669493318,2.9457407138,101.304859994,1734609502.32
28.1628890168,2.94574099893,101.304860048,1734609502.38
28.1561154891,2.94574127423,101.304860043,1734609502.43
28.1627685521,2.94574154318,101.304860073,1734609502.47
28.1710377643,2.94574181741,101.304860148,1734609502.53
28.1693821624,2.94574210377,101.304860206,1734609502.57
28.160094535,2.94574240196,101.304860219,1734609502.62
28.1514425967,2.94574267922,101.304860215,1734609502.67
28.1550566126,2.94574295055,101.304860253,1734609502.72
28.1531099891,2.94574321812,101.304860296,1734609502.77
28.1543769008,2.94574348095,101.304860359,1734609502.82
28.1581972586,2.94574374139,101.304860409,1734609502.87
28.1606835807,2.94574399467,101.304860456,1734609502.93
28.162696748,2.94574423098,101.304860481,1734609502.97
28.1627619155,2.94574445505,101.304860493,1734609503.04
28.1613649717,2.94574466849,101.304860541,1734609503.07
28.1562192691,2.9457448842,101.304860584,1734609503.12
28.1567676952,2.94574508293,101.304860627,1734609503.17
28.1648547109,2.94574528687,101.30486067,1734609503.24
28.169023212,2.9457454856,101.304860702,1734609503.28
28.1700857012,2.945745679,101.304860748,1734609503.32
28.164735714,2.945745861,101.304860781,1734609503.42
28.1609312594,2.94574603426,101.304860817,1734609503.42
28.1589500681,2.9457462008,101.304860846,1734609503.47
28.1594419824,2.9457463396,101.304860879,1734609503.54
28.1593208071,2.94574646152,101.304860901,1734609503.58
28.157572343,2.94574656024,101.304860923,1734609503.64
28.1599047231,2.94574664633,101.304860945,1734609503.67
28.1595479138,2.94574669667,101.304860959,1734609503.73
28.1613370562,2.94574673855,101.30486098,1734609503.78
28.1605478218,2.94574675472,101.30486099,1734609503.83
28.1610089326,2.9457467538,101.304861002,1734609503.88
28.1600957159,2.94574672499,101.304861006,1734609503.93
28.1607105853,2.9457466677,101.304860983,1734609503.97
28.1625792002,2.94574659241,101.304860958,1734609504.06
28.162049707,2.9457465379,101.304860928,1734609504.09
28.1629235065,2.94574652913,101.304860908,1734609504.13
28.1631273488,2.94574657549,101.304860915,1734609504.17
28.1612921311,2.94574664306,101.304860933,1734609504.22
28.1609014114,2.94574668542,101.30486094,1734609504.27
28.1608915972,2.94574669388,101.304860954,1734609504.32
28.1612589769,2.9457466715,101.304860968,1734609504.37
28.1614245791,2.94574664884,101.30486096,1734609504.42
28.1641322738,2.94574662933,101.304860948,1734609504.48
28.1638966314,2.94574662144,101.30486095,1734609504.54
28.1652610227,2.94574660291,101.304860956,1734609504.57
28.1632618187,2.94574659623,101.304860951,1734609504.62
28.1611878388,2.94574661517,101.304860959,1734609504.66
28.1601844812,2.94574663958,101.304860946,1734609504.71
28.1593512157,2.94574665742,101.304860942,1734609504.76
28.15923067,2.94574665895,101.304860934,1734609504.83
28.1595244482,2.94574663787,101.304860931,1734609504.88
28.1610876368,2.94574661644,101.304860946,1734609504.92
28.1614474915,2.94574660258,101.304860948,1734609504.97
28.1622202639,2.94574660447,101.304860957,1734609505.05
28.162461224,2.94574661394,101.304860956,1734609505.08
28.1620559152,2.94574662,101.304860958,1734609505.13
28.1609381055,2.94574663128,101.304860971,1734609505.18
28.1615818962,2.94574663709,101.304860954,1734609505.23
28.1599698635,2.94574664468,101.304860953,1734609505.27
28.1599718006,2.94574663574,101.304860947,1734609505.33
28.1592420908,2.94574662337,101.304860934,1734609505.38
28.1613322999,2.94574661318,101.304860935,1734609505.43
28.1574793123,2.94574660415,101.304860924,1734609505.48
28.1601065239,2.94574660561,101.304860938,1734609505.54
28.1590655167,2.94574661099,101.30486095,1734609505.58
28.1562605696,2.94574661658,101.304860957,1734609505.62
28.1563252285,2.9457466224,101.304860963,1734609505.67
28.1563793104,2.94574663038,101.304860964,1734609505.72
28.1568918088,2.94574662343,101.304860956,1734609505.77
8.13549904712,2.94585120362,101.304777013,1734609505.82
8.13392760046,2.94585119632,101.304777007,1734609505.87
8.13708727434,2.94585118819,101.304777004,1734609505.92
8.13650509436,2.94585119443,101.30477701,1734609505.97
8.13391098473,2.94585119709,101.304777004,1734609506.04
8.13521200232,2.94585120394,101.304777007,1734609506.07
8.13440708909,2.94585120184,101.304777011,1734609506.12
8.13348148577,2.94585121222,101.304777019,1734609506.17
8.1336208405,2.94585120154,101.304777024,1734609506.24
8.13579494413,2.94585121057,101.30477703,1734609506.27
8.13525252137,2.94585120137,101.304777017,1734609506.32
8.13337477949,2.94585119325,101.304777013,1734609506.38
8.13376224786,2.9458511952,101.304777011,1734609506.42
8.13404162042,2.94585118782,101.304777001,1734609506.46
8.13209359813,2.94585118545,101.304777006,1734609506.52
8.13329373393,2.94585119741,101.304777004,1734609506.56
8.1358475415,2.94585120962,101.304777013,1734609506.62
8.13130992651,2.94585120437,101.30477701,1734609506.68
8.13231457956,2.94585119731,101.304777012,1734609506.74
8.13154161628,2.94585118348,101.304777001,1734609506.77
8.16174929217,2.94585120931,101.304777018,1734609506.83
8.1588998884,2.94585120766,101.304777015,1734609506.87
8.15649574529,2.94585120587,101.304777021,1734609506.92
8.15817517508,2.94585120883,101.304777016,1734609506.97
8.15785359312,2.94585121124,101.30477702,1734609507.05
8.15639221296,2.9458512128,101.304777016,1734609507.08
8.15646310057,2.94585121823,101.304777017,1734609507.12
8.15933834482,2.94585122257,101.304777029,1734609507.17
8.15885236114,2.94585120955,101.30477702,1734609507.23
8.15825253818,2.94585119931,101.304777018,1734609507.27
8.15809864365,2.94585119941,101.304777021,1734609507.33
8.15601310413,2.94585120102,101.304777012,1734609507.37
8.15879162494,2.94585120598,101.304777025,1734609507.46
8.15915998258,2.94585121352,101.304777021,1734609507.47
8.16237923969,2.94585121855,101.304777012,1734609507.54
8.16079492215,2.94585121765,101.30477701,1734609507.57
8.16276118439,2.94585121186,101.304777008,1734609507.62
8.16209652461,2.94585121569,101.304777017,1734609507.67
8.1644032076,2.94585121993,101.304777017,1734609507.72
8.16360482015,2.94585120968,101.304777013,1734609507.78
8.1611936409,2.94585120565,101.304777008,1734609507.82
8.16074421257,2.94585120588,101.304777014,1734609507.87
8.16284705233,2.94585121192,101.304777019,1734609507.91
8.16397103854,2.94585121439,101.304777017,1734609507.96
8.15967402328,2.94585121036,101.304777007,1734609508.05
8.16138912831,2.94585121079,101.30477701,1734609508.08
8.16265892051,2.94585120689,101.304777012,1734609508.13
8.1645372333,2.94585120693,101.304777005,1734609508.17
8.16241220105,2.94585120708,101.304776995,1734609508.26
8.162350378,2.94585120768,101.304776998,1734609508.32
8.16208217479,2.94585121431,101.304777011,1734609508.33
8.16366587486,2.94585120499,101.304777013,1734609508.38
8.16191289388,2.94585120528,101.304777009,1734609508.45
8.16200293973,2.94585120768,101.304776996,1734609508.47
8.16174391843,2.94585121322,101.30477701,1734609508.54
8.16330099571,2.94585120489,101.304777016,1734609508.59
8.16264446639,2.94585120151,101.30477701,1734609508.66
8.1642711591,2.94585120719,101.304777001,1734609508.67
8.16436316166,2.9458512025,101.304776989,1734609508.75
8.16573348455,2.94585120122,101.30477699,1734609508.77
8.16850748286,2.94585121164,101.30477699,1734609508.84
8.16743685398,2.94585121259,101.304776995,1734609508.88
8.1687016543,2.94585120913,101.304777003,1734609508.93
8.16731650289,2.94585120488,101.304776998,1734609508.97
8.16865255963,2.94585121444,101.30477701,1734609509.04
8.1687210761,2.94585121075,101.304777004,1734609509.09
8.16950181127,2.94585121286,101.304777005,1734609509.12
8.17001429852,2.94585121492,101.304777001,1734609509.18
8.16905111261,2.94585120414,101.304777002,1734609509.22
8.16861638892,2.94585121049,101.304777005,1734609509.27
8.17089085933,2.94585121746,101.304777003,1734609509.32
8.1688331617,2.94585121025,101.304776997,1734609509.38
8.16832600441,2.94585121512,101.304776997,1734609509.44
8.16876319796,2.94585121239,101.304777009,1734609509.47
8.16875918861,2.9458512111,101.304777012,1734609509.52
8.16960616503,2.94585121489,101.304777001,1734609509.57
8.16952138208,2.94585121295,101.304777011,1734609509.62
8.16931929439,2.94585120182,101.304776999,1734609509.67
8.16774785612,2.94585120416,101.304776996,1734609509.72
8.16970844474,2.94585121433,101.304777011,1734609509.77
8.1678300295,2.94585120362,101.304777,1734609509.88
8.16834281944,2.94585120919,101.304776994,1734609509.94
8.16639804095,2.94585119912,101.304777007,1734609509.97
8.16627384443,2.94585120044,101.304776997,1734609510.05
8.16431695689,2.9458512035,101.304777002,1734609510.08
8.16287620366,2.94585120185,101.304776999,1734609510.25
8.16389492527,2.94585120793,101.304776999,1734609510.27
8.1657787282,2.94585120712,101.30477701,1734609510.28
8.1667534681,2.94585120164,101.304777017,1734609510.28
8.16578460578,2.94585120677,101.304777008,1734609510.34
8.15760830324,2.94585119993,101.304776999,1734609510.37
8.15998404194,2.94585119972,101.304777006,1734609510.43
8.15644713305,2.94585119795,101.304777,1734609510.48
8.16173262149,2.94585120661,101.304777003,1734609510.53
8.16160638817,2.94585120753,101.304777006,1734609510.57
8.15993237495,2.94585121005,101.30477701,1734609510.63
8.15611885954,2.94585120259,101.304777002,1734609510.68
8.1608347306,2.94585119991,101.304777009,1734609510.72
8.15949594416,2.94585120053,101.30477701,1734609510.77
8.15885975119,2.94585120464,101.304777015,1734609510.82
8.16001145169,2.94585119492,101.304777005,1734609510.87
8.16042960063,2.94585121218,101.304777014,1734609510.92
8.15913630091,2.94585120183,101.304777008,1734609510.97
8.16147851385,2.94585120325,101.304777015,1734609511.04
8.16022260953,2.9458512054,101.304777008,1734609511.07
8.16019924264,2.94585120312,101.30477701,1734609511.12
8.15956317633,2.94585120605,101.30477701,1734609511.19
8.16052594874,2.94585120028,101.304777014,1734609511.22
8.15995516069,2.9458511992,101.304777012,1734609511.27
8.15991576295,2.94585119934,101.304777008,1734609511.32
8.15991497599,2.94585120131,101.304777026,1734609511.37
8.16011986509,2.94585120045,101.304777013,1734609511.42
8.16007945593,2.94585120535,101.30477702,1734609511.47
8.16052042414,2.9458511996,101.304777009,1734609511.54
8.16041967925,2.94585120186,101.304777016,1734609511.57
8.15965222754,2.94585119702,101.304777017,1734609511.62
8.16054379102,2.94585119032,101.30477699,1734609511.67
8.16007648502,2.9458511898,101.304776994,1734609511.72
8.16098185722,2.94585119617,101.304776998,1734609511.76
8.16034038831,2.94585119946,101.304777006,1734609511.82
8.15927634016,2.94585119318,101.304776992,1734609511.88
8.16051797941,2.94585119177,101.304776997,1734609511.94
8.16036969237,2.9458511897,101.30477699,1734609511.99
8.16297671665,2.94585120184,101.304776997,1734609512.07
8.16389640328,2.94585120511,101.304777001,1734609512.08
8.163280976,2.94585118931,101.304777005,1734609512.13
8.16232582182,2.94585119981,101.304777003,1734609512.19
8.16109702736,2.9458511991,101.304777003,1734609512.23
8.1633934062,2.94585119689,101.304777003,1734609512.27
8.16137783416,2.94585119136,101.304777009,1734609512.33
8.16371187754,2.94585119004,101.304777012,1734609512.37
8.16278091539,2.94585118149,101.304777003,1734609512.43
8.1625097394,2.94585119347,101.304777007,1734609512.49
8.16298376024,2.94585119973,101.304777004,1734609512.53
8.16112249438,2.94585119925,101.304776999,1734609512.58
8.16381200217,2.94585119997,101.304777003,1734609512.62
8.1660070233,2.94585119906,101.304776997,1734609512.67
8.16601633281,2.94585119894,101.304777002,1734609512.72
8.16598136164,2.94585119867,101.304776991,1734609512.77
8.16592324153,2.94585119771,101.304776999,1734609512.83
8.16613055114,2.94585120748,101.30477701,1734609512.87
8.16649086028,2.94585119851,101.304777006,1734609512.92
8.16462411638,2.94585119928,101.304776999,1734609512.97
8.16713876743,2.94585119882,101.304777007,1734609513.06
8.16567979474,2.94585119928,101.304777011,1734609513.07
8.16622361913,2.94585120043,101.304777006,1734609513.12
8.16635992657,2.94585119981,101.30477701,1734609513.17
8.16735589411,2.94585120483,101.304777007,1734609513.22
8.16429444961,2.94585119585,101.304776995,1734609513.26
8.16550622322,2.94585119052,101.304776994,1734609513.32
8.16748557426,2.94585118934,101.304776996,1734609513.37
8.16691784468,2.94585119472,101.304776999,1734609513.43
8.16757303383,2.94585119578,101.304776987,1734609513.47
8.16682103463,2.94585120475,101.304776995,1734609513.53
8.16553809401,2.94585119819,101.30477699,1734609513.57
8.16414017882,2.94585119243,101.304776993,1734609513.63
8.16075645201,2.94585118689,101.304777003,1734609513.67
8.16600206867,2.94585119854,101.304777011,1734609513.73
8.16617094539,2.94585120198,101.304777013,1734609513.78
8.16556414496,2.9458511804,101.304776977,1734609513.89
8.16456629429,2.94585117703,101.304776995,1734609513.93
8.1664579669,2.9458511865,101.304776998,1734609513.97
8.16718779504,2.94585119447,101.304777012,1734609514.04
8.16732288152,2.94585119473,101.304777004,1734609514.08
8.16712173447,2.94585119362,101.304776986,1734609514.13
8.16541661229,2.94585119825,101.304776991,1734609514.17
8.16465782374,2.94585118799,101.304776995,1734609514.24
8.16332590953,2.94585118545,101.304777016,1734609514.27
8.16390152369,2.94585118297,101.304777018,1734609514.33
8.16710135899,2.94585118851,101.30477701,1734609514.37
8.16804258432,2.94585119578,101.304777006,1734609514.42
8.16734338272,2.94585118178,101.304776991,1734609514.47
8.16271266993,2.94585118129,101.304777007,1734609514.53
8.16395120788,2.9458511821,101.304777004,1734609514.57
8.16569128912,2.94585119141,101.304776987,1734609514.62
8.16611303203,2.94585117989,101.304776972,1734609514.67
8.16258143913,2.94585118722,101.304776973,1734609514.72
8.16452712566,2.94585118357,101.304776968,1734609514.77
8.16380940098,2.94585118005,101.304776988,1734609514.82
8.16493839119,2.94585117251,101.304776981,1734609514.88
8.16593305487,2.94585117848,101.304776993,1734609514.92
8.16470191069,2.9458511883,101.304776992,1734609514.97
8.16256588232,2.94585117458,101.30477698,1734609515.04
8.16612143256,2.94585117299,101.304776973,1734609515.07
8.16654944886,2.94585117435,101.304776982,1734609515.12
8.16359238699,2.94585117946,101.304776984,1734609515.16
8.16357985977,2.94585117863,101.304776977,1734609515.23
8.16245655902,2.94585118063,101.304776978,1734609515.27
8.16353634186,2.94585118,101.304776978,1734609515.32
8.16474541184,2.94585117789,101.30477698,1734609515.38
8.1669689808,2.94585118627,101.304776992,1734609515.45
8.16611370165,2.94585117773,101.304776984,1734609515.47
8.16427370533,2.94585118185,101.304776987,1734609515.54
8.16519619245,2.94585118003,101.304776985,1734609515.58
8.16674709041,2.94585118652,101.304776994,1734609515.64
8.16705749184,2.94585118227,101.30477699,1734609515.68
8.16675471887,2.94585118265,101.30477698,1734609515.72
8.16117047332,2.94585118896,101.304776978,1734609515.78
8.16274298821,2.94585118635,101.304776986,1734609515.82
8.16001701821,2.94585118403,101.304776988,1734609515.87
8.15942205675,2.94585118386,101.304776989,1734609515.92
8.16217500437,2.9458511894,101.304776998,1734609515.97
8.16472217254,2.94585119395,101.304776992,1734609516.06
8.16158476938,2.94585119023,101.304776993,1734609516.08
8.15918202046,2.94585118715,101.304776997,1734609516.14
8.16082649305,2.94585118614,101.30477701,1734609516.17
8.16298929695,2.94585119104,101.304777004,1734609516.23
8.16145037208,2.94585118529,101.304776987,1734609516.27
8.16207299195,2.9458511934,101.304776994,1734609516.32
8.16164738685,2.94585118635,101.304776999,1734609516.38
8.16430054419,2.94585119433,101.304776997,1734609516.43
8.16210718639,2.94585119552,101.304777,1734609516.49
8.15900357533,2.9458511917,101.304777005,1734609516.55
8.15875009634,2.94585118805,101.304776995,1734609516.58
8.16154424287,2.94585119385,101.30477701,1734609516.66
8.16045835055,2.94585119821,101.304776986,1734609516.67
8.16207555961,2.94585119708,101.304776982,1734609516.72
8.16221997887,2.94585119592,101.304776986,1734609516.77
8.16248121951,2.945851194,101.304776986,1734609516.84
8.16094356962,2.94585119298,101.304776974,1734609516.88
8.16340454109,2.9458511988,101.304776977,1734609516.92
8.16143229511,2.9458512031,101.304776976,1734609516.97
8.16203518864,2.94585120204,101.304776987,1734609517.05
8.16147908568,2.94585120198,101.304776992,1734609517.07
8.16015321389,2.94585120264,101.304776988,1734609517.14
8.16331810225,2.94585120315,101.304776983,1734609517.17
8.16083991528,2.94585119984,101.304776994,1734609517.24
8.1615233412,2.94585119749,101.304776994,1734609517.27
8.16207035258,2.94585120021,101.304776984,1734609517.32
8.16154848132,2.94585120597,101.304776995,1734609517.4
8.15910552815,2.94585119875,101.304776994,1734609517.48
8.16075988859,2.94585119984,101.304776994,1734609517.53
8.1618780503,2.9458511991,101.304776993,1734609517.58
8.16008156911,2.94585119721,101.304776993,1734609517.62
8.157060422,2.94585117609,101.304776979,1734609517.66
8.15899535362,2.94585117522,101.304776986,1734609517.74
8.15821968205,2.94585117026,101.304776974,1734609517.77
8.15714548528,2.94585117521,101.304776978,1734609517.83
8.15941407345,2.9458511755,101.304776982,1734609517.88
8.15697916318,2.94585118261,101.304776979,1734609517.93
8.15716984123,2.94585117285,101.304776974,1734609517.97
8.15978671052,2.9458511733,101.304776971,1734609518.06
8.15596226882,2.94585117606,101.304776979,1734609518.08
8.1573765669,2.94585117681,101.304776981,1734609518.13
8.15844429284,2.94585117893,101.304776978,1734609518.18
8.15980931651,2.94585117449,101.30477697,1734609518.23
8.1579632815,2.94585117325,101.304776971,1734609518.29
8.15971485339,2.94585117977,101.304776975,1734609518.33
8.15863895416,2.94585117965,101.304776982,1734609518.37
8.1579966573,2.94585117978,101.304776985,1734609518.42
8.15945020318,2.94585117403,101.304776979,1734609518.49
8.1605957346,2.94585118287,101.304776989,1734609518.56
8.1622858597,2.94585118595,101.304776993,1734609518.58
8.16031413991,2.94585117949,101.304776974,1734609518.63
8.16034545004,2.94585118284,101.304776983,1734609518.67
8.16100535356,2.94585118348,101.304776977,1734609518.72
8.16005452164,2.94585118434,101.304776957,1734609518.77
8.16054196469,2.94585118451,101.304776972,1734609518.82
8.16027019452,2.94585119121,101.304776985,1734609518.87
8.15869696252,2.94585117746,101.304776974,1734609518.92
8.15987880342,2.94585118323,101.304776972,1734609518.97
8.15788260009,2.94585118837,101.304776974,1734609519.07
8.16037415527,2.94585118127,101.304776966,1734609519.12
8.16172019113,2.94585119106,101.304776977,1734609519.17
8.15970348939,2.94585118779,101.304776965,1734609519.23
8.1592921624,2.94585118711,101.304776963,1734609519.27
8.15891029686,2.9458511865,101.304776976,1734609519.33
8.15986901056,2.9458511883,101.30477697,1734609519.37
8.16412591282,2.94585118291,101.304776968,1734609519.42
8.16458906513,2.94585118752,101.304776978,1734609519.47
8.16500832327,2.94585118365,101.304776972,1734609519.57
8.16348573752,2.9458511894,101.304776974,1734609519.57
8.16459622327,2.94585119297,101.304776983,1734609519.63
8.1645222744,2.94585118665,101.304776975,1734609519.69
8.16598532349,2.94585118143,101.304776978,1734609519.72
8.16524067707,2.94585119044,101.304776971,1734609519.77
8.16450809408,2.94585118305,101.304776983,1734609519.83
8.16518574767,2.94585118218,101.304776979,1734609519.87
8.16410658881,2.94585118714,101.30477698,1734609519.92
8.16450684145,2.94585118096,101.30477697,1734609519.97
8.1624706937,2.94585118096,101.304776972,1734609520.05
8.16038696561,2.94585118015,101.304776972,1734609520.07
8.16261399351,2.94585119089,101.304776977,1734609520.12
8.16288382001,2.94585118202,101.304776974,1734609520.17
8.1638890272,2.94585118069,101.304776975,1734609520.23
8.16345361248,2.94585117722,101.304776976,1734609520.27
8.1641513193,2.9458511784,101.304776981,1734609520.32
8.1615507016,2.94585117885,101.304776976,1734609520.37
8.16271632165,2.94585118431,101.30477697,1734609520.42
8.16316208243,2.94585118351,101.304776971,1734609520.47
8.16329239495,2.94585118867,101.304777003,1734609520.55
8.16516085248,2.94585118319,101.304776999,1734609520.57
8.16517692059,2.94585118764,101.304776989,1734609520.62
8.16669460572,2.94585119014,101.304776998,1734609520.67
8.16068327334,2.94585118488,101.304776987,1734609520.72
8.16144068073,2.94585118778,101.304776988,1734609520.77
8.16461288184,2.94585119066,101.304776996,1734609520.82
8.16491869371,2.94585118342,101.304776993,1734609520.87
8.16478693299,2.945851189,101.304777002,1734609520.92
8.16271192022,2.94585119135,101.304776992,1734609520.97
8.16592038609,2.94585119034,101.304776995,1734609521.04
8.16500021424,2.94585118527,101.304776981,1734609521.07
8.16730813496,2.94585119315,101.304776992,1734609521.12
8.16650821175,2.94585119202,101.304776991,1734609521.27
8.16362708714,2.94585119424,101.30477699,1734609521.27
8.1657806281,2.9458511937,101.304776985,1734609521.28
8.1601751931,2.94585117797,101.304776944,1734609521.33
8.15942855924,2.94585117063,101.304776937,1734609521.37
8.15807573311,2.94585116741,101.304776927,1734609521.42
8.1582508795,2.94585117297,101.304776911,1734609521.47
8.1608118983,2.94585118702,101.30477691,1734609521.55
8.16162948776,2.94585118899,101.304776911,1734609521.58
8.16033062432,2.94585119046,101.304776897,1734609521.66
8.15913439356,2.94585118496,101.304776903,1734609521.67
8.16249831952,2.94585118285,101.304776928,1734609521.72
8.16036045365,2.9458511874,101.304776939,1734609521.77
8.1629522806,2.9458511853,101.304776932,1734609521.87
8.16349002719,2.94585119103,101.304776943,1734609521.87
8.16407545283,2.94585119445,101.304776933,1734609521.92
8.1631358508,2.94585118988,101.304776915,1734609521.98
8.16314504761,2.94585119125,101.304776921,1734609522.05
8.16329543665,2.94585118864,101.304776911,1734609522.07
8.16358475946,2.94585118352,101.304776908,1734609522.11
8.16352414619,2.94585118934,101.304776909,1734609522.29
8.16428890359,2.94585119062,101.304776926,1734609522.3
8.1659998633,2.94585119021,101.304776928,1734609522.3
8.16277753655,2.945851192,101.30477693,1734609522.33
8.16119753662,2.94585118664,101.304776929,1734609522.37
8.15950104967,2.94585117894,101.304776936,1734609522.43
8.16216744017,2.94585115089,101.304776926,1734609522.47
8.16125505511,2.94585112178,101.304776934,1734609522.56
8.16452429816,2.94585109944,101.304776941,1734609522.57
8.16108556557,2.94585107044,101.304776952,1734609522.65
8.16049247608,2.9458510387,101.304776974,1734609522.71
8.15945427399,2.94585100354,101.304777002,1734609522.75
8.15959923901,2.94585096249,101.304777053,1734609522.77
8.1627004398,2.94585091027,101.304777096,1734609522.82
8.1614356311,2.94585085567,101.304777122,1734609522.88
8.1645986326,2.94585081534,101.304777135,1734609522.92
8.16424617078,2.94585079183,101.304777133,1734609522.98
8.16651075426,2.94585077204,101.304777085,1734609523.05
8.16620041803,2.94585075977,101.304777021,1734609523.07
8.16546907742,2.94585075045,101.304776968,1734609523.13
8.16773382947,2.94585075155,101.304776928,1734609523.17
8.16662451252,2.94585071652,101.304776878,1734609523.28
8.16773971729,2.94585070758,101.304776833,1734609523.35
8.17050908133,2.94585068058,101.30477681,1734609523.37
8.16921121161,2.94585065223,101.304776784,1734609523.42
8.17104052939,2.94585059812,101.304776748,1734609523.47
8.16992880125,2.9458505451,101.304776727,1734609523.52
8.17014911305,2.94585049456,101.304776714,1734609523.58
8.17127157282,2.94585045098,101.304776698,1734609523.63
8.17066584993,2.94585039771,101.304776672,1734609523.7
8.17063731235,2.94585036404,101.304776636,1734609523.72
8.17146451864,2.94585032672,101.304776594,1734609523.77
8.17362561263,2.94585029682,101.304776551,1734609523.82
8.17540605459,2.94585026922,101.304776492,1734609523.87
8.17793438397,2.94585024864,101.30477644,1734609523.92
8.17874558922,2.94585023073,101.304776376,1734609523.99
8.18324307166,2.9458502104,101.304776307,1734609524.05
8.18287030887,2.94585017798,101.30477626,1734609524.06
8.18160333671,2.94585014313,101.304776225,1734609524.13
8.18331665639,2.94585011005,101.304776201,1734609524.27
8.18285231013,2.94585002416,101.304776141,1734609524.28
8.18417569809,2.94584998421,101.304776116,1734609524.33
8.18299592938,2.94584993678,101.304776055,1734609524.37
8.18161526322,2.94584990644,101.304776035,1734609524.44
8.18574094307,2.94584991303,101.304776113,1734609524.47
8.18493716605,2.94584992563,101.30477624,1734609524.54
8.18411444779,2.94584997257,101.304776343,1734609524.57
8.18244275544,2.94585004149,101.30477638,1734609524.62
8.18035243358,2.94585008098,101.304776329,1734609524.68
8.1799440952,2.94585007812,101.304776248,1734609524.75
8.1821458349,2.94585004078,101.304776165,1734609524.78
8.18606417812,2.94584999987,101.304776146,1734609524.82
8.18259154912,2.94584996524,101.304776126,1734609524.88
8.18608946074,2.94584996593,101.304776152,1734609524.95
8.18765566312,2.94584997777,101.304776158,1734609524.99
8.1858836785,2.94585000099,101.304776179,1734609525.06
8.18425808474,2.94585000939,101.304776213,1734609525.07
8.18236530572,2.9458500201,101.304776256,1734609525.12
8.18054066598,2.94585002086,101.304776291,1734609525.17
8.18261292111,2.94585000895,101.304776307,1734609525.25
8.18243753351,2.94585000194,101.304776267,1734609525.27
8.17420975305,2.94584997157,101.304776146,1734609525.32
8.17530861683,2.94584997872,101.30477611,1734609525.37
8.1760997111,2.94584998253,101.304776088,1734609525.43
8.17407541629,2.9458499733,101.304776083,1734609525.47
8.17070569657,2.94584998465,101.304776102,1734609525.52
8.17279220559,2.9458499944,101.304776136,1734609525.57
8.17433400732,2.94585000399,101.304776147,1734609525.65
8.17122653313,2.9458499991,101.304776156,1734609525.67
8.17091748118,2.9458499921,101.304776185,1734609525.72
8.17141432595,2.94584996903,101.304776212,1734609525.77
8.17335264571,2.94584996378,101.3047762,1734609525.85
8.17183642928,2.94584997284,101.304776184,1734609525.87
8.17508619744,2.94584998746,101.304776148,1734609525.93
8.17349717487,2.94584998828,101.30477611,1734609525.97
8.1742112292,2.94584999603,101.304776105,1734609526.06
8.17302710749,2.94584999998,101.304776117,1734609526.07
8.17453475948,2.94585000495,101.30477613,1734609526.13
8.1749938326,2.94585000609,101.304776149,1734609526.26
8.17551215645,2.94584999797,101.304776174,1734609526.28
8.17270234879,2.94584998933,101.304776215,1734609526.34
8.17098539229,2.94584998259,101.304776205,1734609526.37
8.17221376486,2.94584998841,101.304776189,1734609526.43
8.17294500116,2.94584999475,101.304776159,1734609526.47
8.17678009439,2.94585000612,101.304776155,1734609526.55
8.17654404137,2.94585002248,101.304776151,1734609526.58
8.17717555165,2.94585008116,101.304776158,1734609526.63
8.17588114273,2.94585018955,101.304776173,1734609526.67
8.17471981701,2.94585033965,101.304776172,1734609526.73
8.1711753374,2.94585047082,101.304776158,1734609526.77
8.16631124541,2.94585058538,101.304776171,1734609526.83
8.16517804191,2.94585067424,101.304776275,1734609526.87
8.16492914781,2.94585072239,101.304776437,1734609526.92
8.16386137251,2.94585076088,101.30477665,1734609526.97
8.16811403446,2.94585077794,101.30477687,1734609527.04
8.16975652333,2.94585079767,101.304777081,1734609527.07
8.17184236273,2.94585084733,101.304777298,1734609527.13
8.16879635211,2.94585097129,101.304777475,1734609527.25
8.16822661553,2.94585114053,101.304777701,1734609527.26
8.16454020329,2.94585131212,101.304777866,1734609527.27
8.16509117279,2.94585145024,101.304778013,1734609527.32
8.16521325335,2.94585159344,101.304778151,1734609527.37
8.16864756774,2.94585176049,101.304778325,1734609527.42
8.16467533913,2.94585194792,101.304778528,1734609527.48
8.16482366063,2.94585213,101.304778774,1734609527.55
8.17963265721,2.94585267332,101.304779421,1734609527.69
8.1751292618,2.94585280448,101.304779743,1734609527.72
8.17128522787,2.94585293512,101.304780117,1734609527.78
8.16524532903,2.94585307287,101.304780464,1734609527.87
8.17094469909,2.94585344562,101.304781102,1734609527.93
8.16843209229,2.9458536281,101.304781407,1734609527.97
8.16155076213,2.94585402508,101.304782032,1734609528.07
8.17558598612,2.94585422195,101.304782373,1734609528.13
8.17713334225,2.94585443596,101.304782647,1734609528.26
8.17372232955,2.94585463162,101.304782998,1734609528.28
8.17690593749,2.94585484871,101.304783329,1734609528.28
8.1619168818,2.94585495431,101.304783576,1734609528.32
8.16021252889,2.94585511077,101.304783944,1734609528.37
8.1559027154,2.94585526674,101.304784305,1734609528.42
8.16248203442,2.94585543186,101.30478468,1734609528.47
8.18576718401,2.94585561376,101.304785076,1734609528.54
8.19330801629,2.94585579177,101.304785444,1734609528.57
8.18900725432,2.94585593649,101.304785767,1734609528.62
8.17230725009,2.94585607045,101.304786118,1734609528.67
8.17121695541,2.94585622966,101.30478654,1734609528.72
8.17429977376,2.94585638883,101.304786854,1734609528.77
8.18501073122,2.94585657489,101.304787155,1734609528.83
8.19345228933,2.94585677414,101.304787485,1734609528.87
8.19355722703,2.94585696554,101.30478787,1734609528.92
8.17929125577,2.94585711014,101.304788265,1734609528.97
8.17737046443,2.94585723642,101.304788643,1734609529.05
8.17631652113,2.94585739732,101.304788988,1734609529.07
8.17497074883,2.94585760207,101.30478933,1734609529.12
8.18738678563,2.94585778774,101.304789724,1734609529.17
8.17680358142,2.94585798982,101.304790121,1734609529.22
8.17627523281,2.94585812848,101.304790411,1734609529.27
8.18062070198,2.9458583381,101.304790744,1734609529.34
8.17806436121,2.94585872941,101.304791429,1734609529.43
8.17264526151,2.94585893556,101.30479171,1734609529.48
8.17274495121,2.94585915091,101.304792023,1734609529.55
8.17010092363,2.94585936029,101.304792328,1734609529.57
8.17414826434,2.94585956241,101.304792621,1734609529.63
8.17002190836,2.94585975523,101.304792938,1734609529.67
8.16985271685,2.94585996348,101.30479326,1734609529.72
8.17107978649,2.94586017574,101.304793552,1734609529.77
8.17757134885,2.94586041912,101.304793859,1734609529.84
8.17294667289,2.94586060496,101.304794145,1734609529.88
8.17945488077,2.94586077941,101.304794502,1734609529.93
8.17760370206,2.94586099377,101.304794837,1734609529.97
8.17558389809,2.94586121839,101.304795094,1734609530.05
8.18443330564,2.94586143433,101.304795368,1734609530.07
8.17878565844,2.94586164809,101.304795643,1734609530.12
8.17115255725,2.94586184725,101.304795881,1734609530.17
8.18320308439,2.94586208557,101.304796154,1734609530.23
8.18519918155,2.94586238944,101.30479639,1734609530.27
8.1795845516,2.94586265954,101.304796608,1734609530.32
8.18142883666,2.94586293278,101.304796879,1734609530.37
8.17957104277,2.94586317075,101.304797128,1734609530.42
8.17306827661,2.94586340028,101.304797306,1734609530.47
8.16867520474,2.94586362114,101.304797535,1734609530.53
8.15945171379,2.94586372135,101.304797751,1734609530.57
8.15880297776,2.9458639859,101.304797965,1734609530.62
8.15894745104,2.94586423817,101.304798175,1734609530.67
8.16172501538,2.94586448054,101.304798395,1734609530.73
8.16648147721,2.94586473534,101.304798593,1734609530.77
8.16929132026,2.94586500764,101.304798778,1734609530.82
8.16315429937,2.94586528535,101.304798983,1734609530.87
8.15937668923,2.94586556091,101.304799196,1734609530.92
8.15290391166,2.94586585472,101.304799395,1734609530.96
8.1418017745,2.94586614758,101.30479958,1734609531.05
8.14513379987,2.94586643983,101.30479977,1734609531.07
8.15284870472,2.9458667288,101.304799994,1734609531.12
8.16660311352,2.94586706016,101.30480017,1734609531.16
8.14568880573,2.94586731184,101.304800383,1734609531.22
8.14865109138,2.94586763092,101.304800596,1734609531.27
8.15298888553,2.94586793162,101.304800817,1734609531.34
8.15207133442,2.94586820474,101.304800962,1734609531.38
8.14323714096,2.94586852313,101.304801157,1734609531.48
8.1414376013,2.94586883337,101.304801415,1734609531.48
8.13711851742,2.9458691621,101.304801643,1734609531.53
8.13012175914,2.94586955216,101.304801723,1734609531.6
8.13793452457,2.94586992362,101.304801872,1734609531.63
8.1469135005,2.94587033095,101.304802007,1734609531.67
8.14460130781,2.94587070228,101.30480213,1734609531.72
8.13908739295,2.94587104339,101.304802272,1734609531.77
8.15482505597,2.94587139765,101.304802512,1734609531.83
8.15842443239,2.94587176977,101.304802688,1734609531.87
8.16795190424,2.94587215442,101.304802877,1734609531.92
8.15872742608,2.94587254703,101.304802981,1734609531.97
8.15563202556,2.94587294495,101.304803153,1734609532.05
8.15524109546,2.94587334954,101.304803348,1734609532.08
8.14223623648,2.94587368173,101.304803541,1734609532.12
8.15707145538,2.94587404956,101.304803707,1734609532.17
8.1600399306,2.94587445146,101.304803959,1734609532.23
8.16465413943,2.94587487959,101.304804078,1734609532.28
8.1627578903,2.94587529226,101.304804242,1734609532.32
8.15606939141,2.94587567411,101.304804445,1734609532.37
8.16369058099,2.94587606153,101.304804637,1734609532.42
8.16929325648,2.94587645392,101.304804866,1734609532.47
8.17161782086,2.94587688098,101.304805041,1734609532.54
8.16227963008,2.94587733862,101.304805371,1734609532.59
8.15572041366,2.94587773675,101.304805452,1734609532.63
8.15674272925,2.94587814059,101.304805605,1734609532.68
8.15883355867,2.9458785526,101.304805792,1734609532.72
8.15301164705,2.9458789351,101.304806022,1734609532.78
8.14829619322,2.94587929086,101.304806217,1734609532.83
8.14794770349,2.94587965868,101.304806382,1734609532.87
8.15353019442,2.94588005033,101.304806551,1734609532.92
8.15525837988,2.94588046332,101.304806713,1734609532.98
8.15659843106,2.94588087157,101.304806873,1734609533.05
8.15799485706,2.94588127892,101.304807047,1734609533.07
8.1605730895,2.94588166613,101.304807251,1734609533.13
8.17029962409,2.94588207869,101.304807422,1734609533.17
8.17285884544,2.94588248999,101.304807494,1734609533.23
8.14269018546,2.94588285286,101.304807682,1734609533.27
8.16012151446,2.94588327212,101.30480785,1734609533.32
8.16572210565,2.94588368674,101.304808095,1734609533.37
8.16011933703,2.9458841064,101.30480826,1734609533.43
8.15852176491,2.94588452283,101.30480844,1734609533.47
8.16457648668,2.94588495315,101.304808496,1734609533.53
8.16471982934,2.94588532629,101.304808638,1734609533.57
8.16553370841,2.94588571138,101.30480878,1734609533.66
8.17415258475,2.94588612543,101.304808928,1734609533.67
8.17399831489,2.94588652266,101.304809086,1734609533.72
8.16117804032,2.9458869263,101.304809294,1734609533.77
8.15692889504,2.94588732943,101.304809451,1734609533.82
8.15640569944,2.94588776786,101.304809626,1734609533.87
8.15863456111,2.9458881577,101.304809763,1734609533.92
8.15979263745,2.94588854023,101.304809885,1734609533.97
8.17339997739,2.94588897547,101.304810043,1734609534.04
8.17417096812,2.94588939002,101.304810248,1734609534.07
8.15680590831,2.9458897722,101.3048104,1734609534.12
8.14842923544,2.94589014648,101.304810485,1734609534.18
8.1503932476,2.94589057653,101.30481066,1734609534.22
8.15755293611,2.94589105078,101.304810911,1734609534.26
8.16100010928,2.9458914733,101.304811106,1734609534.31
8.15854439232,2.945891934,101.304811272,1734609534.36
8.15701466054,2.94589240348,101.304811434,1734609534.45
8.15147700999,2.945892809,101.3048116,1734609534.46
8.14316271525,2.94589323455,101.304811753,1734609534.54
8.15155228972,2.94589373552,101.304811877,1734609534.59
8.16763542313,2.94589432459,101.304812056,1734609534.65
8.16521230899,2.94589475549,101.304812212,1734609534.68
8.15880157053,2.94589518648,101.304812426,1734609534.72
8.16822031885,2.94589566344,101.30481263,1734609534.77
8.17597885337,2.94589616169,101.304812789,1734609534.83
8.17000915017,2.94589665723,101.30481294,1734609534.87
8.16136292554,2.94589713621,101.304813109,1734609534.92
8.15939187817,2.94589764283,101.304813192,1734609534.97
8.15998152364,2.94589815106,101.30481341,1734609535.05
8.15303503629,2.94589864783,101.304813604,1734609535.07
8.1532016173,2.9458992034,101.304813745,1734609535.12
8.15305676591,2.94589974542,101.30481384,1734609535.17
8.16037465818,2.94590031465,101.304813981,1734609535.23
8.14784675185,2.94590088851,101.304814141,1734609535.28
8.14736100007,2.94590145051,101.304814348,1734609535.32
8.14843404293,2.94590199287,101.304814589,1734609535.37
8.14167998079,2.94590252775,101.304814813,1734609535.42
8.15137694683,2.94590314357,101.304815004,1734609535.47
8.1536630895,2.94590371861,101.304815198,1734609535.53
8.13812792487,2.94590425312,101.304815387,1734609535.57
8.12926809583,2.94590483439,101.304815578,1734609535.62
8.13663352933,2.94590543771,101.30481578,1734609535.67
8.14119510539,2.94590599829,101.304815866,1734609535.72
8.13881203998,2.94590656507,101.304816102,1734609535.77
8.15398712456,2.94590719669,101.304816317,1734609535.82
8.15846107993,2.94590841621,101.304816632,1734609535.94
8.17404690851,2.9459090331,101.304816726,1734609535.97
8.16869350243,2.94590961839,101.304816846,1734609536.05
8.17410739418,2.94591015899,101.304816971,1734609536.08
8.16435056832,2.94591068801,101.304817154,1734609536.13
8.15656314697,2.94591123205,101.304817289,1734609536.17
8.16662885435,2.94591180034,101.304817412,1734609536.23
8.17132987268,2.94591235392,101.304817559,1734609536.29
8.18269078434,2.94591292181,101.304817706,1734609536.33
8.18592973799,2.94591346483,101.304817807,1734609536.37
8.17928978242,2.94591398144,101.304817899,1734609536.42
8.18038336746,2.94591446127,101.304817984,1734609536.47
8.17291043699,2.94591496883,101.304818102,1734609536.55
8.18284054939,2.94591545151,101.304818227,1734609536.57
8.17230579071,2.94591598211,101.304818329,1734609536.62
8.17144891713,2.94591649227,101.304818454,1734609536.67
8.17787640728,2.94591700147,101.304818463,1734609536.72
8.18692492135,2.94591748059,101.304818539,1734609536.77
8.16977109388,2.94591795139,101.304818666,1734609536.82
8.15668872371,2.94591841194,101.30481879,1734609536.87
8.16183084156,2.94591886025,101.304818845,1734609536.92
8.16893010214,2.94591933446,101.304818901,1734609536.97
8.16819257103,2.94591987807,101.304818784,1734609537.05
8.17089843843,2.945920351,101.304818825,1734609537.07
8.17344777379,2.94592078303,101.304818858,1734609537.12
8.17699574865,2.94592126526,101.304818941,1734609537.17
8.17938223388,2.9459216737,101.30481901,1734609537.23
8.16702501196,2.94592209978,101.304819129,1734609537.27
8.1597632328,2.94592253922,101.304819265,1734609537.32
8.16560401395,2.94592296875,101.30481935,1734609537.37
8.17150200158,2.94592340863,101.304819403,1734609537.42
8.15830900241,2.94592380653,101.304819415,1734609537.47
8.16228843573,2.945924259,101.304819475,1734609537.53
8.15770585276,2.94592468749,101.304819524,1734609537.57
8.17586184293,2.94592512155,101.304819571,1734609537.62
8.15670432802,2.94592550347,101.304819638,1734609537.69
8.15629016049,2.94592591811,101.304819694,1734609537.73
8.16132505797,2.94592638273,101.304819733,1734609537.78
8.14834919013,2.94592678983,101.304819777,1734609537.83
8.16460520495,2.94592723507,101.304819877,1734609537.87
8.13782843482,2.94592762449,101.304819972,1734609537.97
8.12465885747,2.94592798602,101.30482,1734609537.97
8.16293013655,2.94592842417,101.304819994,1734609538.05
8.15275905188,2.94592882595,101.304820029,1734609538.09
8.16529189423,2.94592926901,101.304820101,1734609538.13
8.17807044555,2.94592972122,101.304820136,1734609538.18
8.18729800452,2.9459301333,101.304820124,1734609538.23
8.19150668196,2.94593052282,101.304820153,1734609538.28
8.1819923548,2.94593092409,101.304820207,1734609538.32
8.18778100144,2.94593132627,101.304820219,1734609538.4
8.18040714692,2.94593171916,101.304820246,1734609538.43
8.17835995741,2.94593213717,101.304820286,1734609538.47
8.17052848544,2.94593255533,101.304820329,1734609538.53
8.16380056366,2.94593296135,101.304820363,1734609538.57
8.16639826819,2.94593337333,101.304820387,1734609538.62
8.16190085653,2.94593375025,101.304820423,1734609538.68
8.17521159723,2.94593414035,101.304820539,1734609538.72
8.1720493678,2.94593452266,101.304820586,1734609538.77
8.1704923138,2.94593493232,101.30482053,1734609538.82
8.18253540155,2.94593538135,101.304820591,1734609538.87
8.18332131766,2.9459357748,101.304820588,1734609538.96
8.17309140228,2.94593614573,101.304820607,1734609538.97
8.17930296622,2.94593655846,101.304820609,1734609539.04
8.18151374999,2.94593692869,101.304820603,1734609539.07
8.17935653124,2.94593733259,101.304820606,1734609539.12
8.18176569138,2.94593775318,101.304820624,1734609539.17
8.17493723053,2.94593814429,101.304820656,1734609539.25
8.18332392257,2.94593855685,101.304820718,1734609539.27
8.17756231595,2.94593892803,101.304820756,1734609539.32
8.16947975196,2.94593928153,101.304820769,1734609539.36
8.17873026803,2.94593967241,101.304820783,1734609539.43
8.18609017041,2.94594006393,101.304820754,1734609539.47
8.17705129366,2.94594048245,101.304820728,1734609539.53
8.17763563246,2.94594091232,101.304820684,1734609539.58
8.16298992187,2.94594132521,101.304820623,1734609539.64
8.17605654057,2.94594176938,101.304820653,1734609539.68
8.17799826618,2.94594215608,101.30482069,1734609539.72
8.17689157557,2.94594256689,101.304820706,1734609539.77
8.18610941991,2.94594298542,101.304820699,1734609539.83
8.18438900448,2.94594337286,101.304820668,1734609539.87
8.18646863848,2.94594379653,101.304820693,1734609539.92
8.18456615973,2.94594421077,101.304820738,1734609539.97
8.17014623899,2.94594459917,101.304820717,1734609540.04
8.17214988917,2.9459450507,101.304820723,1734609540.07
8.17259074748,2.94594545441,101.30482079,1734609540.12
8.17615955509,2.94594588786,101.304820818,1734609540.21
8.18264967669,2.9459463479,101.304820769,1734609540.23
8.17200961336,2.94594673207,101.304820733,1734609540.27
8.17191261332,2.9459471336,101.304820669,1734609540.32
8.17920619901,2.94594759303,101.304820632,1734609540.37
8.1662114216,2.9459480289,101.304820608,1734609540.42
8.17011185735,2.94594850388,101.30482063,1734609540.47
8.17485100031,2.94594899272,101.304820591,1734609540.52
8.17492786795,2.9459495509,101.304820486,1734609540.59
8.16200303007,2.94595012085,101.304820406,1734609540.63
8.17096377071,2.94595071755,101.304820341,1734609540.67
8.15680211596,2.94595131261,101.30482029,1734609540.72
8.1588952234,2.94595189856,101.304820208,1734609540.77
8.14771024603,2.94595247875,101.304820154,1734609540.82
8.16273899656,2.94595313593,101.304820073,1734609540.87
8.16666781157,2.94595376415,101.304819971,1734609540.92
8.15993827116,2.94595437996,101.304819883,1734609540.96
8.15282874368,2.94595503526,101.304819751,1734609541.04
8.15634226613,2.94595570978,101.304819615,1734609541.07
8.16157540772,2.94595637919,101.30481951,1734609541.12
8.16563950479,2.94595708809,101.304819375,1734609541.16
8.15294009913,2.94595777482,101.304819181,1734609541.22
8.15873264149,2.94595847775,101.304818996,1734609541.27
8.16290830076,2.94595915079,101.304818766,1734609541.32
8.17592155095,2.94595987883,101.304818598,1734609541.38
8.19121819735,2.9459605356,101.304818398,1734609541.43
8.19017831143,2.94596131299,101.304818198,1734609541.47
8.18187503982,2.94596218628,101.30481797,1734609541.53
8.12141292542,2.94596294191,101.304818044,1734609541.57
8.10955390893,2.94596373934,101.304817834,1734609541.62
8.09222173039,2.94596449649,101.304817693,1734609541.67
8.10564199835,2.94596525436,101.304817479,1734609541.72
8.11062980257,2.94596605829,101.304817292,1734609541.78
8.12250027899,2.94596687674,101.304817018,1734609541.84
8.1279736273,2.94596771064,101.304816782,1734609541.87
8.11579077225,2.94596854233,101.304816492,1734609541.92
8.10790476575,2.94596941041,101.304816191,1734609541.97
8.112797888,2.94597033157,101.304815864,1734609542.06
8.11469487939,2.94597112396,101.30481551,1734609542.07
8.12323421706,2.94597197911,101.304815203,1734609542.12
8.11588681769,2.94597281761,101.304814929,1734609542.17
8.10840540752,2.94597365328,101.304814601,1734609542.22
8.10722406302,2.94597452521,101.304814264,1734609542.27
8.11444228049,2.94597548608,101.304813932,1734609542.32
8.11242322251,2.94597644471,101.304813532,1734609542.41
8.1036118269,2.94597742439,101.304813136,1734609542.42
8.10127250664,2.94597845198,101.304812719,1734609542.47
8.10178195685,2.9459794906,101.304812309,1734609542.56
8.09926202614,2.94598052182,101.3048118,1734609542.57
8.10245857295,2.94598156471,101.304811361,1734609542.62
8.11040889379,2.94598261073,101.304810794,1734609542.67
8.11346584465,2.94598367913,101.304810215,1734609542.71
8.1130045196,2.94598479448,101.304809624,1734609542.77
8.10190168489,2.9459859498,101.304809001,1734609542.88
8.09351939242,2.94598709147,101.304808234,1734609542.88
8.09539072588,2.94598930441,101.304806835,1734609542.99
8.10354338959,2.94599040984,101.304806194,1734609543.06
8.08716391679,2.94599149047,101.30480561,1734609543.08
8.08984841593,2.94599255326,101.304804969,1734609543.14
8.0845990805,2.94599361459,101.304804258,1734609543.2
8.07247396279,2.94599472353,101.304803501,1734609543.23
8.06542088743,2.94599580859,101.304802716,1734609543.28
8.06512261275,2.94599685517,101.304801992,1734609543.32
8.06333477329,2.94599776544,101.304801235,1734609543.37
8.07493235078,2.94599880615,101.304800533,1734609543.46
8.077471558,2.94599982689,101.3047997,1734609543.48
8.07661702298,2.94600083248,101.304798818,1734609543.54
8.06926928367,2.94600187366,101.304798006,1734609543.6
8.06066886894,2.94600296372,101.304797133,1734609543.63
8.05919568986,2.94600405313,101.304796197,1734609543.67
8.05610625353,2.94600513294,101.304795318,1734609543.72
8.02468931582,2.94600603955,101.304794263,1734609543.77
8.03408345953,2.94600695684,101.304793283,1734609543.82
8.01670712978,2.94600785153,101.304792284,1734609543.87
8.01329878159,2.94600872254,101.304791323,1734609543.93
8.01093729958,2.94600964883,101.304790431,1734609543.97
8.01721288823,2.94601054979,101.304789413,1734609544.05
8.01795994677,2.94601147877,101.304788384,1734609544.08
8.0129866153,2.94601238192,101.30478733,1734609544.13
8.01491010468,2.94601332917,101.304786296,1734609544.18
8.00142423529,2.94601425544,101.304785202,1734609544.23
8.00868263841,2.94601512859,101.304784126,1734609544.27
8.02147922013,2.94601597837,101.304783122,1734609544.34
8.01161843631,2.94601678735,101.304782129,1734609544.37
8.00927137583,2.94601756796,101.304781071,1734609544.42
8.00106808078,2.94601835691,101.304779973,1734609544.47
8.02434888482,2.94601914441,101.304778843,1734609544.53
8.0154882418,2.94601999276,101.304777725,1734609544.57
8.02605206706,2.94602092573,101.304776627,1734609544.62
8.01812390983,2.94602184013,101.304775537,1734609544.69
8.00884197559,2.94602275634,101.304774458,1734609544.74
7.99894999154,2.94602365723,101.304773271,1734609544.77
7.99958077911,2.94602454315,101.304772098,1734609544.82
8.0142995026,2.94602542162,101.30477097,1734609544.87
8.0046357261,2.94602620194,101.304769783,1734609544.92
7.99869099632,2.94602692531,101.304768573,1734609544.97
8.01370875444,2.94602767206,101.304767354,1734609545.05
8.02383405063,2.94602843979,101.304766124,1734609545.07
8.03210780583,2.94602926752,101.30476492,1734609545.12
8.02247876767,2.94603012206,101.304763655,1734609545.18
8.02158382628,2.94603099866,101.304762315,1734609545.24
8.02308160439,2.94603178936,101.304760967,1734609545.27
8.03037540335,2.94603253356,101.304759657,1734609545.32
8.02804234345,2.94603329353,101.304758386,1734609545.39
8.026449183,2.94603404965,101.304757093,1734609545.44
8.02704233676,2.94603479028,101.304755825,1734609545.46
8.02748745494,2.94603556335,101.304754565,1734609545.56
8.01884279028,2.94603631145,101.304753214,1734609545.57
8.0103730252,2.94603709938,101.304751795,1734609545.62
8.0034903558,2.94603790833,101.304750318,1734609545.69
8.00149305072,2.94603866467,101.304748871,1734609545.72
7.99366416875,2.94603940778,101.304747415,1734609545.78
7.99837675504,2.94604025118,101.30474592,1734609545.83
7.99565912783,2.94604105513,101.30474447,1734609545.87
8.00467776973,2.94604185977,101.304743068,1734609545.92
8.00872384943,2.94604261837,101.304741596,1734609545.97
8.00713033974,2.94604335715,101.304740003,1734609546.05
8.01127029769,2.94604414044,101.304738477,1734609546.08
8.00259550195,2.94604497229,101.304736977,1734609546.13
7.99374201242,2.94604588538,101.304735491,1734609546.17
7.99409965798,2.94604675598,101.304733968,1734609546.23
7.99192210007,2.94604758271,101.304732448,1734609546.27
7.99300211016,2.94604838288,101.304730898,1734609546.32
7.95564537682,2.9460490487,101.304729271,1734609546.4
7.95063544251,2.94604986081,101.304727717,1734609546.43
7.94324899651,2.94605071301,101.304726292,1734609546.49
7.9520179322,2.94605150763,101.304724916,1734609546.53
7.97107447777,2.94605230381,101.304723562,1734609546.59
7.96644557361,2.94605308216,101.30472212,1734609546.64
7.97932588123,2.94605384412,101.304720655,1734609546.67
7.9802061338,2.94605463608,101.304719087,1734609546.72
7.97823796887,2.94605548528,101.304717514,1734609546.77
7.98303969484,2.94605636293,101.304715941,1734609546.82
7.98637899105,2.94605725809,101.304714357,1734609546.87
7.96642998047,2.94605811438,101.304712765,1734609546.92
7.96133586951,2.94605900033,101.304711245,1734609546.97
7.97185174469,2.94605988744,101.304709814,1734609547.04
7.98057585023,2.94606074166,101.304708392,1734609547.08
7.9806226613,2.94606157112,101.304706943,1734609547.12
7.97017542645,2.94606236389,101.304705373,1734609547.17
7.96441154275,2.9460631192,101.304703751,1734609547.22
7.9585993737,2.94606393671,101.304702105,1734609547.27
7.94552254956,2.94606489294,101.304700524,1734609547.32
7.95028822031,2.94606588078,101.30469895,1734609547.38
7.94684063457,2.9460668097,101.304697403,1734609547.42
7.94154476002,2.94606755412,101.304695776,1734609547.47
7.94945705496,2.94606903282,101.304692542,1734609547.57
7.95289728511,2.94606974392,101.304690985,1734609547.63
7.93023673259,2.94607053226,101.304689479,1734609547.67
7.95231364202,2.94607136329,101.304687929,1734609547.72
7.9487500526,2.94607214478,101.304686387,1734609547.77
7.95174756087,2.94607290961,101.304684857,1734609547.83
7.94002716709,2.94607366308,101.304683394,1734609547.87
7.95108058117,2.94607438547,101.304681933,1734609547.93
7.95367850084,2.94607511871,101.304680428,1734609547.98
7.95618237462,2.94607584821,101.304678946,1734609548.06
7.96842942759,2.94607654017,101.304677482,1734609548.07
7.96545004938,2.94607726619,101.304675984,1734609548.12
7.96914520953,2.94607799231,101.30467442,1734609548.17
7.95873302873,2.94607872746,101.304672823,1734609548.22
7.95692893956,2.94607946365,101.304671281,1734609548.27
7.9502953561,2.94608021886,101.304669735,1734609548.33
7.9310926972,2.94608103162,101.304668184,1734609548.38
7.925548709,2.94608188372,101.304666698,1734609548.42
7.92969689891,2.94608269654,101.304665358,1734609548.47
7.93212495372,2.94608346023,101.304664072,1734609548.52
7.92885218561,2.94608421215,101.304662658,1734609548.56
7.93516164273,2.94608488501,101.304661179,1734609548.62
7.94727649167,2.94608553092,101.304659718,1734609548.66
7.95441269688,2.94608626343,101.304658254,1734609548.71
7.9541867571,2.94608700601,101.304656642,1734609548.76
7.95500148926,2.94608780817,101.304655027,1734609548.83
7.95323668607,2.9460886386,101.304653494,1734609548.87
7.94329899456,2.94608938365,101.304651949,1734609548.93
7.93336621765,2.94609013434,101.304650374,1734609548.97
7.93381103594,2.94609081831,101.304648903,1734609549.06
7.94316696189,2.94609147468,101.30464759,1734609549.07
7.95635758154,2.94609221725,101.304646339,1734609549.13
7.95339486934,2.94609293504,101.304644948,1734609549.18
7.95822499134,2.94609365434,101.304643462,1734609549.23
7.96392788645,2.94609442418,101.304641973,1734609549.27
7.95561601967,2.94609515991,101.304640435,1734609549.32
7.95149066858,2.94609588225,101.304638826,1734609549.4
7.94868342392,2.94609667874,101.304637185,1734609549.43
7.94113335013,2.94609743507,101.304635622,1734609549.49
7.94138859678,2.94609816392,101.304634175,1734609549.55
7.94261615165,2.94609887368,101.304632733,1734609549.57
7.94715709798,2.94609954264,101.304631305,1734609549.63
7.95367688499,2.94610022095,101.304629928,1734609549.68
7.95477741305,2.94610093767,101.304628547,1734609549.74
7.94644242804,2.94610159833,101.304626954,1734609549.8
7.93541159295,2.94610222857,101.304625365,1734609549.85
7.94008708652,2.94610292427,101.304623851,1734609549.88
7.97776051145,2.94610373969,101.304622433,1734609549.93
7.97992386855,2.94610454732,101.304620996,1734609549.97
7.97735067923,2.94610538078,101.304619507,1734609550.04
7.97593375947,2.94610615187,101.304617982,1734609550.07
7.97885222267,2.94610687405,101.304616521,1734609550.12
7.97888710909,2.94610754777,101.304615086,1734609550.17
7.97560108826,2.9461082047,101.304613637,1734609550.22
7.97691756859,2.94610887414,101.304612262,1734609550.27
7.98320572358,2.94610954167,101.304610875,1734609550.32
7.98511175811,2.94611025346,101.304609425,1734609550.36
7.98832695559,2.94611102097,101.304607963,1734609550.42
7.98747250531,2.94611177812,101.304606518,1734609550.46
7.99001917616,2.94611251814,101.304605092,1734609550.52
7.99127245974,2.94611326058,101.304603674,1734609550.56
7.98565878626,2.94611397246,101.304602292,1734609550.62
7.98766048253,2.94611470967,101.30460095,1734609550.66
7.99043822847,2.94611554037,101.304599622,1734609550.72
7.98911000323,2.94611639639,101.304598219,1734609550.78
7.98653997108,2.94611723723,101.304596772,1734609550.82
7.98721227143,2.94611810001,101.304595384,1734609550.87
7.98748361319,2.94611888439,101.304593996,1734609550.93
7.98483544867,2.94611964004,101.304592577,1734609550.97
7.97801549267,2.9461204033,101.304591096,1734609551.04
7.97100744396,2.94612112922,101.304589669,1734609551.07
7.97373499162,2.94612183619,101.304588277,1734609551.12
7.9714953443,2.94612257601,101.304586875,1734609551.24
7.96912971511,2.94612342314,101.304585531,1734609551.25
7.97018248774,2.94612431795,101.304584225,1734609551.27
7.91481430456,2.94612490937,101.304582889,1734609551.32
7.92161238194,2.94612565077,101.304581478,1734609551.38
7.93499912322,2.94612637742,101.304580112,1734609551.43
7.94081436656,2.94612721897,101.304578847,1734609551.47
7.94353836682,2.94612816935,101.304577573,1734609551.53
7.93826062884,2.94612912893,101.304576247,1734609551.58
7.93599570077,2.94613005162,101.304574908,1734609551.66
7.9355689995,2.94613087196,101.304573571,1734609551.67
7.93595198728,2.94613158704,101.3045722,1734609551.73
7.93418438546,2.94613228095,101.304570794,1734609551.77
7.93161111698,2.94613299786,101.304569454,1734609551.83
7.94149466511,2.94613377686,101.304568192,1734609551.87
7.94233783521,2.94613457714,101.304566949,1734609551.92
7.94248970319,2.94613539411,101.30456565,1734609551.97
7.94750663918,2.94613623846,101.304564326,1734609552.05
7.95499836188,2.94613709128,101.304562959,1734609552.07
7.94667064026,2.94613796004,101.304561591,1734609552.12
7.93812806252,2.94613890423,101.304560273,1734609552.25
7.94109705463,2.94613988303,101.304558997,1734609552.27
7.9413996879,2.94614080707,101.304557673,1734609552.27
7.93322938122,2.94614168275,101.304556302,1734609552.32
7.96332061011,2.94614263764,101.304554905,1734609552.37
7.96804069635,2.94614340341,101.304553576,1734609552.42
7.96930603962,2.94614423806,101.304552325,1734609552.47
7.96586254798,2.94614502561,101.304551063,1734609552.52
7.97443770245,2.94614581143,101.304549802,1734609552.56
7.98624451272,2.94614661582,101.304548581,1734609552.63
7.99153641146,2.94614740539,101.304547298,1734609552.67
7.99102677405,2.94614823459,101.304545882,1734609552.72
7.98583596107,2.94614917977,101.304544504,1734609552.77
7.98611982912,2.94615014051,101.304543226,1734609552.83
7.97676919959,2.94615104401,101.304541977,1734609552.87
7.97278122324,2.94615193242,101.304540693,1734609552.91
7.96866216697,2.94615272851,101.304539345,1734609552.96
7.97335220687,2.94615346067,101.304538088,1734609553.04
7.97915207129,2.94615417763,101.304536911,1734609553.08
7.98245711997,2.94615491624,101.3045357,1734609553.13
7.98288623616,2.94615565448,101.304534432,1734609553.19
7.99190935772,2.94615633056,101.304533136,1734609553.24
7.99655615631,2.94615700782,101.304531786,1734609553.28
7.99301701412,2.94615778347,101.304530396,1734609553.33
7.98694600724,2.94615860913,101.304529008,1734609553.38
7.98700826894,2.94615947399,101.304527712,1734609553.44
7.98512157425,2.94616030787,101.304526388,1734609553.49
7.97751514241,2.94616108384,101.304525027,1734609553.56
7.97661260515,2.94616182476,101.304523727,1734609553.57
7.9781102417,2.94616257386,101.304522531,1734609553.65
7.98047678918,2.94616327894,101.304521357,1734609553.68
7.98564246204,2.94616396477,101.304520108,1734609553.73
7.99512740504,2.94616462207,101.304518812,1734609553.77
7.99894695636,2.94616525965,101.304517489,1734609553.84
7.99397192337,2.94616592734,101.304516135,1734609553.87
7.98926796019,2.94616669425,101.304514761,1734609553.92
7.98632322159,2.94616749661,101.304513442,1734609553.97
7.98206818383,2.94616825143,101.304512164,1734609554.05
7.98134209309,2.94616904253,101.304510928,1734609554.07
7.97681263089,2.94616979757,101.304509593,1734609554.12
7.97134897765,2.94617045998,101.304508252,1734609554.17
7.97692693397,2.94617110795,101.30450701,1734609554.22
7.97531024553,2.94617175649,101.304505811,1734609554.27
7.97122163977,2.94617243208,101.304504622,1734609554.32
7.97976768389,2.94617311775,101.304503449,1734609554.37
7.99065591861,2.94617375373,101.304502263,1734609554.42
7.99822453596,2.94617429065,101.304500996,1734609554.47
8.00015413295,2.94617481478,101.304499635,1734609554.52
7.99597290996,2.94617544143,101.304498283,1734609554.57
7.99743253645,2.94617622602,101.304496995,1734609554.62
7.99411612097,2.94617704141,101.30449578,1734609554.67
7.99618134275,2.94617784536,101.304494576,1734609554.72
7.9866909571,2.94617855862,101.304493346,1734609554.76
7.9845511429,2.94617920125,101.304492086,1734609554.82
7.98610416614,2.9461797792,101.30449086,1734609554.87
7.98153417371,2.94618031959,101.304489624,1734609554.92
7.9823888531,2.94618087721,101.304488412,1734609554.97
7.98509236332,2.94618150423,101.304487272,1734609555.05
7.98513162788,2.94618219521,101.304486147,1734609555.07
7.98524594493,2.94618289271,101.304484946,1734609555.14
7.98351224326,2.9461835382,101.304483645,1734609555.17
7.98239604663,2.94618412304,101.304482363,1734609555.24
7.97846597619,2.94618470645,101.304481113,1734609555.28
7.97136974614,2.94618532349,101.304479851,1734609555.32
7.96795615181,2.94618601005,101.304478678,1734609555.37
7.97266400699,2.94618668888,101.304477559,1734609555.43
7.97140836995,2.94618733105,101.304476482,1734609555.47
7.97336240672,2.94618797162,101.304475362,1734609555.53
7.97053016536,2.94618852149,101.3044742,1734609555.57
7.97139198147,2.94618903438,101.304473053,1734609555.62
7.97262291238,2.94618955828,101.304471892,1734609555.67
7.97234363854,2.94619011549,101.304470769,1734609555.72
7.96967026591,2.94619070402,101.304469717,1734609555.77
7.97215583827,2.94619129145,101.304468693,1734609555.83
7.97404957842,2.94619183581,101.304467683,1734609555.88
7.97607656382,2.94619240131,101.304466662,1734609555.92
7.97457388602,2.94619294907,101.304465616,1734609555.97
7.97642557509,2.9461935453,101.304464547,1734609556.04
7.97752235923,2.94619419052,101.304463501,1734609556.07
7.97578041907,2.94619483484,101.304462452,1734609556.12
7.9773474792,2.9461954712,101.304461359,1734609556.25
7.96621793229,2.94619606749,101.304460248,1734609556.27
7.96190224588,2.946196645,101.304459225,1734609556.27
7.96817574371,2.94619720709,101.304458254,1734609556.32
7.97061945032,2.94619772397,101.304457265,1734609556.36
7.97675737925,2.9461982067,101.304456208,1734609556.42
7.9756588405,2.94619867003,101.304455093,1734609556.48
7.96794674732,2.94619915827,101.304453942,1734609556.53
7.96990945283,2.94619976279,101.304452849,1734609556.57
7.96108249668,2.94620037354,101.304451817,1734609556.63
7.96993991733,2.9462009635,101.304450858,1734609556.68
7.97673515603,2.94620149424,101.304449867,1734609556.72
7.97531761229,2.94620201007,101.304448822,1734609556.77
7.97650113143,2.94620255384,101.304447759,1734609556.82
7.97544169426,2.94620314228,101.30444674,1734609556.87
7.98486102559,2.94620381995,101.304445759,1734609556.92
7.98179627024,2.94620447267,101.304444732,1734609556.97
7.9791755788,2.94620508445,101.304443706,1734609557.05
7.97973225266,2.94620563626,101.304442705,1734609557.07
7.97924953327,2.94620616231,101.304441728,1734609557.12
7.97778752539,2.94620670061,101.304440707,1734609557.17
7.97574216407,2.94620728988,101.304439687,1734609557.23
7.97799002193,2.9462079035,101.304438715,1734609557.28
7.98094764818,2.9462090729,101.304436721,1734609557.37
7.97185995616,2.94620953743,101.304435657,1734609557.45
7.97508894838,2.94621009262,101.304434642,1734609557.47
7.9763259571,2.94621064245,101.304433637,1734609557.52
7.9769853279,2.94621121366,101.304432616,1734609557.57
7.98290397599,2.94621177669,101.304431632,1734609557.62
7.98362058774,2.9462123155,101.304430633,1734609557.67
7.98155913502,2.94621281931,101.30442964,1734609557.72
7.97916652914,2.94621337787,101.304428577,1734609557.77
7.9725439772,2.94621401781,101.304427541,1734609557.82
7.97081340011,2.94621469428,101.304426583,1734609557.86
7.96963447053,2.94621532358,101.304425603,1734609557.93
7.97079897206,2.94621591351,101.304424613,1734609557.96
7.96917800792,2.94621644186,101.30442362,1734609558.05
7.97488647047,2.94621694475,101.304422628,1734609558.07
7.9782336168,2.94621749049,101.304421637,1734609558.12
7.97680152021,2.94621808274,101.304420641,1734609558.17
7.97609807551,2.94621867789,101.304419632,1734609558.22
7.96926920675,2.94621925296,101.30441864,1734609558.26
7.96594820172,2.94621981807,101.304417682,1734609558.32
7.96267937124,2.94622033008,101.304416743,1734609558.37
7.96688168496,2.94622086807,101.304415891,1734609558.43
7.97644150164,2.94622137075,101.304415043,1734609558.5
7.97955512535,2.94622191657,101.30441421,1734609558.54
7.98350021429,2.94622249176,101.304413339,1734609558.57
7.98872800078,2.94622302507,101.304412445,1734609558.62
7.99039975926,2.94622352715,101.304411521,1734609558.68
7.98452214058,2.94622398177,101.304410529,1734609558.72
7.98297725711,2.94622445326,101.304409571,1734609558.77
7.98312324006,2.94622493185,101.304408649,1734609558.83
7.98248684127,2.94622541618,101.304407835,1734609558.87
7.98291175533,2.9462258837,101.304407011,1734609558.92
7.98953514174,2.94622635529,101.304406213,1734609558.97
7.99075098988,2.94622677255,101.304405378,1734609559.05
7.99387991987,2.94622717916,101.304404539,1734609559.07
7.99691570923,2.94622765123,101.304403681,1734609559.12
7.99940086715,2.94622819845,101.304402817,1734609559.17
7.99775199033,2.94622872927,101.304401955,1734609559.25
7.99250146467,2.94622922375,101.304401109,1734609559.27
7.99704158679,2.94622971064,101.304400255,1734609559.32
7.99807028007,2.94623014621,101.304399408,1734609559.38
7.9996323809,2.94623057377,101.304398632,1734609559.44
8.00298290141,2.94623099348,101.304397885,1734609559.52
8.00009884685,2.94623138352,101.304397077,1734609559.54
8.00520275533,2.94623179641,101.304396217,1734609559.57
8.00663640723,2.94623220462,101.304395398,1734609559.64
8.00518537592,2.94623261318,101.304394595,1734609559.68
8.00410094485,2.94623311902,101.304393855,1734609559.72
8.00674964767,2.94623362251,101.304393092,1734609559.77
8.01051476505,2.94623410108,101.30439236,1734609559.82
8.01391234528,2.9462345498,101.304391579,1734609559.88
8.01183377486,2.94623495334,101.304390788,1734609559.92
8.01651845407,2.94623539927,101.304390022,1734609559.97
8.01711357851,2.94623584352,101.304389238,1734609560.05
8.01470403839,2.94623628792,101.304388443,1734609560.07
8.0137864342,2.94623672808,101.304387662,1734609560.14
8.01053510886,2.94623713681,101.304386894,1734609560.19
8.01082197297,2.94623752806,101.304386162,1734609560.23
8.01785108726,2.94623785984,101.304385462,1734609560.27
8.02824056428,2.94623817799,101.30438479,1734609560.32
8.04081961047,2.94623847448,101.304384099,1734609560.38
8.04580065608,2.94623881906,101.304383318,1734609560.42
8.05301213171,2.94623925825,101.304382482,1734609560.5
8.04651025962,2.94623971319,101.304381596,1734609560.53
8.03836517129,2.94624021792,101.304380723,1734609560.57
8.03461417835,2.94624073133,101.304379899,1734609560.63
8.03261062317,2.94624119929,101.304379173,1734609560.67
8.03398608789,2.94624167301,101.304378488,1734609560.74
8.03602048289,2.94624211818,101.304377793,1734609560.79
8.03896577191,2.94624249835,101.304377001,1734609560.83
8.04167182837,2.94624287491,101.304376148,1734609560.87
8.04886449594,2.9462432445,101.304375266,1734609560.92
8.0517916251,2.94624366319,101.304374378,1734609561.04
8.04855889641,2.94624474864,101.304372604,1734609561.08
8.03979956638,2.9462453216,101.304371724,1734609561.12
8.03436690383,2.94624586174,101.304370852,1734609561.18
8.03020164743,2.94624629522,101.304369984,1734609561.23
8.0312156966,2.9462467325,101.304369122,1734609561.27
8.04055608157,2.94624719144,101.304368298,1734609561.32
8.04347756226,2.94624770401,101.304367456,1734609561.37
8.04819360282,2.94624825943,101.304366549,1734609561.42
8.04353516735,2.94624878405,101.3043656,1734609561.46
8.0447181249,2.94624935064,101.304364684,1734609561.52
8.04483763687,2.94624988462,101.304363729,1734609561.58
8.04775210004,2.94625038142,101.304362742,1734609561.62
8.04000071343,2.9462508984,101.304361783,1734609561.67
8.03864616528,2.94625143374,101.3043608,1734609561.71
8.03341570124,2.94625189963,101.304359664,1734609561.77
8.03101451322,2.94625231961,101.304358562,1734609561.83
8.03655683994,2.94625280856,101.304357617,1734609561.87
8.0390551053,2.94625334417,101.304356772,1734609561.92
8.03557071462,2.94625387732,101.304355837,1734609561.97
8.04386095423,2.94625479987,101.304353801,1734609562.1
8.04862556607,2.94625524925,101.304352747,1734609562.13
8.04373353813,2.94625584593,101.304351659,1734609562.18
8.04348589201,2.94625648663,101.304350509,1734609562.29
8.04492908623,2.94625704864,101.304349353,1734609562.29
8.04368473217,2.94625756927,101.304348285,1734609562.32
8.04931591544,2.94625813302,101.30434733,1734609562.38
8.0402787663,2.94625880082,101.304346345,1734609562.44
8.03504110593,2.94625935815,101.304345278,1734609562.47
8.04050259665,2.9462598688,101.304344232,1734609562.54
8.04333573766,2.94626035936,101.304343165,1734609562.57
8.03857252281,2.9462607766,101.304341935,1734609562.62
8.03870200831,2.94626128814,101.304340757,1734609562.67
8.04187704809,2.94626182805,101.304339644,1734609562.72
8.04379851837,2.94626234666,101.304338514,1734609562.77
8.04061536118,2.9462629249,101.304337351,1734609562.82
8.03786783572,2.94626343551,101.304336161,1734609562.87
8.04158275761,2.94626393186,101.304335056,1734609562.92
8.04260531534,2.94626444528,101.304333983,1734609562.97
8.03898087703,2.94626492437,101.304332806,1734609563.05
8.03996680863,2.94626543643,101.304331627,1734609563.07
8.03725751676,2.94626596767,101.30433045,1734609563.12
8.03495451715,2.94626651879,101.30432924,1734609563.17
8.02817030624,2.94626711439,101.304327987,1734609563.22
8.03030513972,2.94626769198,101.30432679,1734609563.28
8.03561825864,2.94626825496,101.304325651,1734609563.33
8.03201204352,2.94626878509,101.304324538,1734609563.37
8.03195294179,2.94626929303,101.304323348,1734609563.42
8.03196981084,2.94626981154,101.304322106,1734609563.47
8.03436750174,2.94627034106,101.304320863,1734609563.52
8.03482705913,2.94627087256,101.304319606,1734609563.56
8.02850820776,2.94627141889,101.304318372,1734609563.62
8.02687735297,2.9462719887,101.304317169,1734609563.67
8.0296897525,2.94627246148,101.304315944,1734609563.73
8.02721581887,2.94627288903,101.30431468,1734609563.79
8.02928886656,2.94627332709,101.304313381,1734609563.83
8.02447022498,2.94627375136,101.304312107,1734609563.88
8.02722126339,2.94627422392,101.304310851,1734609563.92
8.02682850976,2.94627471017,101.304309567,1734609563.97
8.02401277609,2.94627520401,101.304308238,1734609564.06
8.02467006817,2.94627570819,101.304306955,1734609564.07
8.0244705053,2.94627665305,101.304304422,1734609564.18
8.02322372608,2.94627714712,101.304303155,1734609564.23
8.01886254083,2.94627762327,101.304301849,1734609564.27
8.02238989528,2.94627804908,101.304300538,1734609564.32
8.01842731051,2.94627845072,101.304299241,1734609564.37
8.01871386543,2.94627881691,101.304297862,1734609564.42
8.02064024657,2.94627925483,101.304296496,1734609564.47
8.02035690844,2.94627974211,101.304295195,1734609564.53
8.02442996763,2.94628021874,101.30429389,1734609564.57
8.02284943871,2.94628068228,101.30429255,1734609564.62
8.02354884706,2.94628104986,101.304291175,1734609564.67
8.03400496673,2.94628139356,101.304289825,1734609564.72
8.02563362569,2.94628175984,101.304288419,1734609564.77
8.02195308823,2.94628219328,101.304287051,1734609564.82
8.02055144124,2.94628268428,101.304285731,1734609564.88
8.01929731015,2.94628315913,101.304284409,1734609564.92
8.01219319552,2.94628359587,101.304282997,1734609564.97
8.01275770459,2.94628399176,101.304281546,1734609565.04
8.01473219693,2.94628435668,101.30428013,1734609565.07
8.01524991263,2.9462847265,101.304278753,1734609565.12
8.01452480629,2.94628515467,101.304277334,1734609565.17
8.01997967064,2.94628596041,101.304274386,1734609565.29
8.02038450446,2.94628632021,101.304272838,1734609565.32
8.01615386922,2.94628663461,101.304271251,1734609565.36
8.00685031991,2.94628738804,101.304268242,1734609565.51
8.00392380543,2.94628774069,101.304266824,1734609565.53
8.00872438867,2.94628812457,101.304265429,1734609565.58
8.01271941792,2.94628849662,101.304264032,1734609565.64
8.00855338946,2.94628881802,101.304262573,1734609565.68
8.00576312374,2.94628916346,101.304261085,1734609565.72
8.01013521478,2.94628948304,101.304259578,1734609565.8
8.0125412615,2.94628981636,101.304258104,1734609565.83
8.01710977312,2.94629018862,101.304256674,1734609565.87
8.01744612027,2.94629051247,101.304255178,1734609565.92
8.02188820578,2.94629078399,101.304253703,1734609566.02
8.0237635076,2.94629106486,101.304252282,1734609566.06
8.02631906327,2.94629134456,101.304250861,1734609566.07
8.02321028523,2.94629161857,101.304249379,1734609566.12
8.03119198885,2.94629245012,101.304244868,1734609566.29
8.02409797534,2.94629274813,101.304243332,1734609566.34
8.02697766107,2.94629303462,101.304241796,1734609566.37
8.02329812199,2.94629334912,101.304240336,1734609566.43
8.0257428335,2.94629358964,101.304238854,1734609566.47
8.02661899384,2.94629380376,101.30423736,1734609566.52
8.02325259428,2.94629405712,101.304235826,1734609566.57
8.02509575244,2.94629423428,101.304234264,1734609566.62
8.01853616163,2.94629445667,101.304232694,1734609566.67
8.01810922008,2.94629470372,101.304231146,1734609566.72
8.02077100147,2.94629497295,101.304229563,1734609566.79
8.01591716055,2.94629556974,101.304226383,1734609566.87
8.01323572546,2.94629586341,101.304224837,1734609566.92
8.01679481007,2.94629619772,101.304223326,1734609566.97
8.0131319249,2.94629650745,101.304221796,1734609567.07
8.02079058252,2.94629680799,101.304220263,1734609567.07
8.01784114912,2.94629717885,101.304218693,1734609567.12
8.01299431454,2.9462975542,101.304217112,1734609567.17
8.01894042455,2.94629824812,101.304214074,1734609567.28
8.02459926065,2.9462984872,101.304212561,1734609567.32
8.02872674074,2.94629875114,101.304211047,1734609567.37
8.04514394794,2.94629906298,101.304209519,1734609567.42
8.04135857802,2.94629941774,101.304208007,1734609567.48
8.04270140268,2.94629985464,101.30420646,1734609567.53
8.03932657279,2.946300221,101.304204828,1734609567.58
8.03695103992,2.94630047541,101.304203189,1734609567.62
8.0373634547,2.94630072737,101.304201655,1734609567.67
8.03185498063,2.9463009326,101.3042001,1734609567.72
8.03425212856,2.94630128229,101.304198606,1734609567.76
8.04286367353,2.94630178451,101.304197185,1734609567.82
8.05603039078,2.94630217796,101.304195765,1734609567.86
8.06161973812,2.94630253777,101.304194209,1734609567.91
8.0569203971,2.94630279286,101.304192495,1734609567.96
8.05818037596,2.94630303069,101.304190829,1734609568.05
8.05058348551,2.94630333127,101.304189219,1734609568.07
8.04740709905,2.94630377539,101.304187661,1734609568.12
8.05526066665,2.94630419993,101.304186113,1734609568.17
8.05437967647,2.94630463546,101.304184588,1734609568.23
8.05380126648,2.94630494998,101.304183019,1734609568.27
8.05636017956,2.94630524732,101.304181426,1734609568.32
8.06217142288,2.94630549491,101.304179884,1734609568.37
8.0719850501,2.94630581268,101.3041784,1734609568.43
8.07254119311,2.94630616831,101.304176809,1734609568.48
8.06586592831,2.9463065392,101.304175136,1734609568.53
8.06510635,2.9463068233,101.30417344,1734609568.59
8.06550091691,2.94630707558,101.304171778,1734609568.62
8.06206633896,2.94630748913,101.304170115,1734609568.68
8.06542342342,2.94630803337,101.304168489,1734609568.73
8.0642959103,2.94630851721,101.304166884,1734609568.77
8.06490915455,2.94630888922,101.304165312,1734609568.82
8.06298610102,2.94630911407,101.304163684,1734609568.87
8.06025822368,2.94630937442,101.304162078,1734609568.92
8.06524382997,2.94630977288,101.304160536,1734609568.97
8.07493321225,2.94631022405,101.304158965,1734609569.04
8.06749515701,2.94631068061,101.304157272,1734609569.07
8.06168061588,2.94631097085,101.30415546,1734609569.12
8.05704890098,2.9463113252,101.304153719,1734609569.18
8.05337561294,2.94631170404,101.304152039,1734609569.22
8.05493710749,2.94631206646,101.304150392,1734609569.27
8.05354223028,2.94631246823,101.30414879,1734609569.32
8.05269949976,2.94631291331,101.30414717,1734609569.37
8.05801562686,2.9463133435,101.304145588,1734609569.42
8.06130078249,2.94631375388,101.304143987,1734609569.47
8.0556284301,2.94631415159,101.304142321,1734609569.52
8.05723670311,2.94631455907,101.304140663,1734609569.56
8.06488263514,2.94631501985,101.304139067,1734609569.62
8.06460009981,2.94631554242,101.304137459,1734609569.68
8.06422705576,2.94631604827,101.304135745,1734609569.72
8.06600711495,2.94631652,101.304134055,1734609569.77
8.06330057327,2.94631697717,101.3041324,1734609569.87
8.067688982,2.94631737558,101.304130795,1734609569.88
8.06641236693,2.94631780751,101.304129178,1734609569.93
8.0646926146,2.94631829106,101.304127548,1734609569.97
8.06968039833,2.9463187081,101.304125952,1734609570.04
8.07409137674,2.94631915661,101.304124349,1734609570.08
8.0678118309,2.94631964203,101.304122624,1734609570.13
8.07058615889,2.94632015091,101.30412089,1734609570.19
8.06901349034,2.94632067163,101.304119169,1734609570.25
8.06276504137,2.94632116499,101.304117451,1734609570.28
8.06072023232,2.94632163058,101.304115745,1734609570.32
8.06150204688,2.94632210997,101.304114092,1734609570.37
8.06019577663,2.94632255242,101.304112469,1734609570.42
8.06837605126,2.94632304396,101.304110886,1734609570.47
8.07427318674,2.94632353118,101.304109262,1734609570.52
8.06910346914,2.9463240548,101.304107549,1734609570.57
8.06844462082,2.94632454004,101.304105746,1734609570.62
8.06826299522,2.94632507639,101.304104015,1734609570.67
8.05895434786,2.94632559897,101.304102291,1734609570.73
8.05412245169,2.94632616515,101.304100598,1734609570.77
8.0578203965,2.94632672865,101.304098964,1734609570.82
8.05941761844,2.94632727241,101.304097372,1734609570.87
8.06429783069,2.94632778603,101.304095786,1734609570.92
8.06138628535,2.94632827741,101.304094084,1734609570.97
8.06280874927,2.94632879384,101.304092364,1734609571.04
8.071712479,2.94632936231,101.304090707,1734609571.07
8.07442081813,2.94633000724,101.304089026,1734609571.12
8.06989195384,2.94633061772,101.304087304,1734609571.17
8.07446611952,2.94633119577,101.304085673,1734609571.23
8.07772361208,2.94633171185,101.30408412,1734609571.26
8.08150877152,2.94633217434,101.304082499,1734609571.31
8.07875231095,2.94633264599,101.304080816,1734609571.36
8.07606223412,2.94633315345,101.304079095,1734609571.42
8.06695223413,2.94633370091,101.304077423,1734609571.48
8.05473087169,2.9463342793,101.304075758,1734609571.53
8.04612341616,2.94633486013,101.304074045,1734609571.57
8.04500642512,2.94633544297,101.304072418,1734609571.63
8.05276332982,2.94633609391,101.304070872,1734609571.69
8.04909611214,2.94633665908,101.30406922,1734609571.74
8.04533858504,2.94633722825,101.304067574,1734609571.77
8.05413145479,2.94633776007,101.304065999,1734609571.83
8.05037358962,2.94633827192,101.304064448,1734609571.87
8.0560632972,2.9463388404,101.304062855,1734609571.93
8.06486574654,2.9463394446,101.304061276,1734609572.0
8.06798899174,2.94634005986,101.304059691,1734609572.05
8.06647452433,2.94634066488,101.304058103,1734609572.08
8.06754855253,2.94634120512,101.304056467,1734609572.12
8.07248059381,2.94634176835,101.304054916,1734609572.17
8.06652488653,2.94634232685,101.304053408,1734609572.27
8.06486888882,2.94634294102,101.304051901,1734609572.29
8.06794754509,2.94634359203,101.30405042,1734609572.32
8.06403699145,2.94634423218,101.304048964,1734609572.39
8.06646557525,2.946344796,101.304047499,1734609572.43
8.07829286437,2.94634533255,101.304045941,1734609572.47
8.07268290222,2.94634587729,101.304044323,1734609572.53
8.06240864191,2.94634641489,101.304042716,1734609572.57
8.06546144374,2.94634696011,101.304041127,1734609572.62
8.06547237467,2.94634758035,101.304039573,1734609572.68
8.06431890465,2.94634818708,101.30403803,1734609572.71
8.0650426168,2.94634879499,101.304036479,1734609572.76
8.06295461021,2.94634938793,101.304034953,1734609572.83
8.06163356453,2.94634997259,101.304033411,1734609572.88
8.05740202498,2.94635058572,101.304031863,1734609572.92
8.05408847518,2.94635119866,101.304030296,1734609572.98
8.05424753949,2.94635182225,101.304028772,1734609573.06
8.0511846263,2.94635252551,101.304027242,1734609573.07
8.04825593811,2.94635324256,101.30402576,1734609573.15
8.04738160502,2.94635392673,101.304024323,1734609573.18
8.04844498727,2.94635451908,101.304022859,1734609573.23
8.03954473976,2.94635507277,101.304021325,1734609573.27
8.04288089089,2.94635565799,101.304019824,1734609573.32
8.05367576331,2.94635625478,101.304018381,1734609573.37
8.05492537096,2.94635688807,101.304016933,1734609573.43
8.05586448684,2.94635754118,101.304015438,1734609573.47
8.05087810569,2.94635812987,101.304013889,1734609573.53
8.05027787574,2.94635873374,101.304012336,1734609573.57
8.04641708639,2.94635935864,101.304010812,1734609573.62
8.04319897294,2.94635999018,101.304009321,1734609573.67
8.04008417111,2.94636069686,101.304007876,1734609573.72
8.03520958591,2.94636136453,101.304006434,1734609573.77
8.03924252558,2.94636196821,101.304005003,1734609573.82
8.04458465055,2.94636254719,101.304003576,1734609573.87
8.04103924986,2.94636308417,101.304002122,1734609573.92
8.04140564334,2.9463636799,101.304000709,1734609573.97
8.04594243318,2.94636435178,101.303999322,1734609574.05
8.04889016412,2.94636501835,101.303997867,1734609574.07
8.04837164562,2.9463656172,101.303996372,1734609574.12
8.04829481896,2.94636625934,101.303994873,1734609574.17
8.04887848254,2.94636687168,101.303993379,1734609574.22
8.04542570282,2.94636749204,101.30399194,1734609574.27
8.04298714455,2.94636815459,101.303990528,1734609574.31
8.04122722428,2.94636880995,101.303989102,1734609574.36
8.04493371025,2.94636947355,101.303987737,1734609574.42
8.04605939239,2.94637012727,101.303986381,1734609574.46
8.04294195306,2.9463707918,101.303984992,1734609574.56
8.03740921523,2.94637148833,101.303983589,1734609574.57
8.0347505901,2.94637216969,101.303982206,1734609574.63
8.03368074913,2.94637281162,101.303980826,1734609574.68
8.03516462725,2.94637348556,101.303979418,1734609574.72
8.02985441592,2.94637407169,101.303977968,1734609574.78
8.03718636464,2.94637466806,101.303976551,1734609574.82
8.03556888737,2.94637523694,101.30397517,1734609574.87
8.03359855991,2.94637583798,101.303973775,1734609574.93
8.0273025278,2.94637649094,101.303972382,1734609574.97
8.03105225973,2.94637718295,101.30397104,1734609575.05
8.03078680485,2.94637786087,101.303969728,1734609575.07
8.02841971535,2.94637854513,101.303968403,1734609575.12
8.02692933753,2.9463791917,101.303967053,1734609575.17
8.02479034755,2.94637979717,101.303965693,1734609575.22
8.0246753199,2.94638044628,101.303964361,1734609575.27
8.02566162217,2.94638114087,101.303963045,1734609575.32
8.01545551512,2.94638182521,101.303961772,1734609575.4
8.02317435946,2.94638252556,101.303960585,1734609575.43
8.02537241112,2.94638316042,101.303959316,1734609575.47
8.0286496086,2.94638375702,101.303958005,1734609575.53
8.03168644384,2.94638436164,101.303956729,1734609575.58
8.03184125852,2.94638498388,101.303955461,1734609575.64
8.02471035253,2.94638567911,101.303954212,1734609575.67
8.02632125746,2.94638635679,101.303952968,1734609575.72
8.03240814712,2.94638700204,101.303951796,1734609575.78
8.03036701772,2.94638758772,101.303950571,1734609575.85
8.0273898337,2.94638814926,101.303949269,1734609575.89
8.0246538464,2.94638879029,101.303948018,1734609575.93
8.02157139499,2.94638949476,101.303946822,1734609575.97
8.02413762081,2.94639021416,101.303945654,1734609576.05
8.01901479904,2.94639090318,101.303944448,1734609576.08
8.02213609125,2.94639153647,101.303943263,1734609576.12
8.02626759466,2.94639272334,101.303940952,1734609576.26
8.02501782309,2.94639336785,101.303939815,1734609576.28
8.03254029807,2.94639409448,101.303938726,1734609576.36
8.04045922961,2.94639481429,101.303937602,1734609576.37
8.03154855873,2.94639549991,101.303936396,1734609576.43
8.03098246735,2.9463961548,101.303935216,1734609576.48
8.02777112648,2.94639679379,101.303934064,1734609576.53
8.02965756319,2.94639742832,101.303933022,1734609576.57
8.02443029173,2.94639803734,101.303931977,1734609576.62
8.0190882422,2.94639864565,101.303930978,1734609576.7
8.02079934347,2.94639923855,101.303930007,1734609576.72
8.02691652067,2.94639983078,101.30392906,1734609576.77
8.0293707028,2.94640035593,101.303928063,1734609576.82
8.02886638511,2.94640088792,101.303927108,1734609576.87
8.03248793259,2.94640141205,101.303926177,1734609576.92
8.03647609428,2.94640194878,101.303925303,1734609576.98
8.04071527254,2.94640252619,101.30392442,1734609577.06
8.03110062238,2.94640309502,101.303923511,1734609577.07
8.04006942362,2.94640368962,101.303922627,1734609577.12
8.03619812895,2.9464042302,101.303921738,1734609577.17
8.03801347036,2.94640471846,101.303920823,1734609577.23
8.03640974499,2.94640517639,101.303919954,1734609577.27
8.03525863495,2.94640563836,101.303919085,1734609577.33
8.03794554342,2.94640613047,101.303918228,1734609577.38
8.03503717668,2.94640665384,101.303917326,1734609577.42
8.0366470851,2.94640724568,101.303916456,1734609577.47
8.03463745583,2.94640777821,101.303915575,1734609577.52
8.03785869293,2.94640830645,101.303914725,1734609577.57
8.03266205173,2.94640883623,101.303913901,1734609577.62
8.02517258469,2.94640934884,101.303913071,1734609577.68
8.02773468848,2.94640986712,101.303912306,1734609577.75
8.03047549166,2.94641036664,101.30391152,1734609577.77
8.03085411526,2.94641087984,101.303910711,1734609577.82
8.03104709182,2.94641140847,101.303909979,1734609577.87
8.03331271373,2.94641193922,101.303909094,1734609577.92
8.03085744847,2.9464124402,101.303908276,1734609577.97
8.0174616361,2.94641294258,101.303907434,1734609578.06
8.02152369171,2.94641344745,101.303906624,1734609578.07
8.0140345078,2.94641398883,101.30390586,1734609578.14
8.01746431738,2.94641450969,101.303905109,1734609578.24
8.01645593066,2.94641502929,101.303904398,1734609578.24
8.01537892595,2.94641555827,101.303903654,1734609578.27
8.02586322464,2.94641605781,101.303902944,1734609578.32
8.0178705249,2.94641657345,101.303902178,1734609578.37
8.01942825131,2.9464170854,101.303901397,1734609578.42
8.01946873125,2.94641762561,101.303900607,1734609578.47
8.01588822436,2.94641813964,101.303899839,1734609578.53
8.01192281488,2.9464186239,101.303899046,1734609578.57
8.0100750681,2.94641903094,101.303898284,1734609578.62
8.00921342149,2.94641938636,101.303897535,1734609578.67
8.01359789353,2.9464197305,101.303896798,1734609578.72
8.0157811651,2.94642009145,101.303896049,1734609578.76
8.01201663911,2.94642050429,101.303895275,1734609578.82
8.01741530187,2.94642095016,101.303894569,1734609578.87
8.01700826641,2.94642136888,101.303893814,1734609578.94
8.0161143532,2.94642177459,101.303893089,1734609578.97
8.01294631325,2.94642213286,101.303892404,1734609579.05
8.01230389066,2.94642247768,101.303891726,1734609579.07
8.00918790791,2.94642281322,101.303891122,1734609579.12
8.01106714457,2.94642315864,101.303890509,1734609579.28
8.01837866567,2.94642352322,101.303889873,1734609579.28
8.01629949547,2.94642391396,101.303889261,1734609579.29
8.00758439489,2.94642425833,101.303888622,1734609579.34
8.00837162696,2.94642452776,101.303887994,1734609579.37
8.00491404906,2.94642479354,101.303887401,1734609579.44
8.0077877352,2.94642506372,101.303886834,1734609579.5
8.01056302711,2.94642531778,101.303886303,1734609579.53
8.01050190814,2.9464255744,101.303885819,1734609579.58
8.00356019568,2.94642611218,101.30388474,1734609579.68
8.00366044603,2.94642637185,101.303884223,1734609579.73
8.00670743734,2.94642665246,101.303883738,1734609579.78
8.0060925791,2.94642691105,101.303883281,1734609579.84
8.01024844591,2.94642715474,101.303882889,1734609579.87
8.01327263564,2.94642737913,101.303882512,1734609579.92
8.01393958274,2.94642754549,101.303882094,1734609579.97
8.01266717259,2.94642769829,101.303881708,1734609580.04
8.01515079662,2.9464278659,101.303881366,1734609580.07
8.01169857103,2.94642802422,101.303881033,1734609580.13
8.00760224089,2.94642816544,101.303880711,1734609580.17
8.01122555975,2.94642830645,101.303880436,1734609580.22
8.0148964515,2.9464284258,101.303880188,1734609580.28
8.01414519269,2.94642856576,101.303879932,1734609580.32
8.01406157203,2.94642871994,101.303879643,1734609580.37
8.01198792644,2.94642887202,101.303879326,1734609580.42
8.00770401675,2.94642904115,101.303879038,1734609580.47
8.00757589843,2.946429212,101.303878779,1734609580.52
8.00797633268,2.94642936038,101.30387853,1734609580.57
8.01096671261,2.94642947579,101.303878282,1734609580.62
8.00995400548,2.94642958665,101.303878045,1734609580.7
8.01057217922,2.94642968898,101.303877783,1734609580.72
8.01233715191,2.94642981,101.303877509,1734609580.76
8.01227186341,2.94642993161,101.303877256,1734609580.82
8.00948062539,2.94643006494,101.303877006,1734609580.87
8.00956391543,2.94643021714,101.303876747,1734609580.91
8.00863429718,2.94643035829,101.303876487,1734609580.97
8.01326441672,2.94643049642,101.303876231,1734609581.06
8.01183304936,2.94643061587,101.303875981,1734609581.07
8.01045148913,2.94643073905,101.303875724,1734609581.13
8.0161772063,2.94643111471,101.303875021,1734609581.27
8.01610812638,2.94643122434,101.303874793,1734609581.33
8.00522758625,2.94643131893,101.303874566,1734609581.39
8.00093017705,2.94643140239,101.303874348,1734609581.42
7.99731964432,2.94643147913,101.303874134,1734609581.48
7.9981466243,2.94643155488,101.303873922,1734609581.57
7.99671267159,2.94643163016,101.303873719,1734609581.59
8.00504642166,2.94643172936,101.30387355,1734609581.63
8.00014186557,2.94643179458,101.303873356,1734609581.67
7.99667877425,2.94643186512,101.303873183,1734609581.72
7.99511118792,2.94643194534,101.30387302,1734609581.82
7.99712484516,2.94643201936,101.303872885,1734609581.82
7.99986270629,2.94643209086,101.303872746,1734609581.89
8.0035304185,2.94643217908,101.303872645,1734609581.94
8.00418461859,2.94643226243,101.303872525,1734609581.97
8.00110406149,2.94643232042,101.303872399,1734609582.06
8.00100459345,2.94643236542,101.303872272,1734609582.08
8.00062445179,2.94643241099,101.30387216,1734609582.12
7.99767418671,2.94643244067,101.303872027,1734609582.2
7.9986119559,2.94643252745,101.303871808,1734609582.27
7.99835252017,2.9464325705,101.3038717,1734609582.32
7.99331610277,2.94643260024,101.303871587,1734609582.37
7.99453037977,2.94643263611,101.303871487,1734609582.42
7.99360189494,2.94643273602,101.303871304,1734609582.56
7.98914584331,2.94643285263,101.303871108,1734609582.62
7.98775571305,2.94643290594,101.303871026,1734609582.67
7.98623377178,2.94643294735,101.303870941,1734609582.72
7.98673193529,2.94643297529,101.303870844,1734609582.77
7.98761499953,2.9464329983,101.303870754,1734609582.82
7.99156170804,2.94643302895,101.303870677,1734609582.87
7.9885661155,2.94643305083,101.303870613,1734609582.92
7.98514875863,2.94643307888,101.303870552,1734609582.99
7.98584675137,2.94643310338,101.303870506,1734609583.06
7.98471880611,2.94643311821,101.30387047,1734609583.08
7.98357883561,2.94643313749,101.303870454,1734609583.13
7.98442516197,2.94643314603,101.303870502,1734609583.17
7.98537513148,2.94643311721,101.303870575,1734609583.23
7.98854300193,2.94643307921,101.303870664,1734609583.27
7.98967854865,2.94643304646,101.303870715,1734609583.32
7.98719807342,2.94643304299,101.303870713,1734609583.37
7.98699168023,2.94643305304,101.30387065,1734609583.43
7.98610820435,2.94643307291,101.303870579,1734609583.47
7.98580085021,2.94643309818,101.303870539,1734609583.53
7.98183203768,2.94643310882,101.303870549,1734609583.59
7.98329493497,2.94643310162,101.303870564,1734609583.63
7.98615756445,2.94643309167,101.303870576,1734609583.68
7.98453149386,2.94643307917,101.303870598,1734609583.73
7.98745069094,2.94643307997,101.303870639,1734609583.77
7.9864683589,2.94643307406,101.303870647,1734609583.82
7.98974079359,2.94643309744,101.303870662,1734609583.87
7.98821611423,2.94643311331,101.303870631,1734609583.92
7.98552176449,2.94643310636,101.303870586,1734609583.97
7.98589850124,2.94643309657,101.303870574,1734609584.05
7.98634920269,2.94643308505,101.303870581,1734609584.06
7.98391806521,2.94643307639,101.303870593,1734609584.12
7.98925944138,2.94643307801,101.303870617,1734609584.18
7.98823199049,2.94643306642,101.303870618,1734609584.23
7.99019467644,2.94643307834,101.303870631,1734609584.26
7.99151938409,2.94643308495,101.303870635,1734609584.31
7.99004093464,2.94643309515,101.303870636,1734609584.36
7.98968347814,2.94643311402,101.303870606,1734609584.41
7.9892877778,2.94643312308,101.303870604,1734609584.48
7.98682530131,2.94643311322,101.303870601,1734609584.53
7.98982667364,2.94643309608,101.303870603,1734609584.58
7.98928700481,2.94643307469,101.30387062,1734609584.63
7.99162021186,2.9464330518,101.303870624,1734609584.68
7.99219421297,2.94643304618,101.303870621,1734609584.72
7.99361687899,2.94643305964,101.303870621,1734609584.8
7.99329201784,2.94643307352,101.303870612,1734609584.83
7.9922418315,2.94643307903,101.303870613,1734609584.9
7.99030005559,2.94643308028,101.303870623,1734609584.92
7.99051748961,2.94643308603,101.303870627,1734609584.99
7.99132279865,2.94643308482,101.30387061,1734609585.05
7.99066051934,2.946433078,101.303870615,1734609585.08
7.99036351591,2.94643307147,101.303870619,1734609585.13
7.99044256657,2.9464330532,101.303870619,1734609585.18
7.99486130569,2.94643305639,101.30387062,1734609585.31
7.99242385942,2.94643306229,101.303870609,1734609585.32
7.99181566294,2.94643306732,101.303870607,1734609585.37
7.99239307269,2.94643307693,101.303870601,1734609585.42
7.99270088319,2.94643308374,101.303870624,1734609585.48
7.99418376386,2.94643308145,101.303870624,1734609585.52
7.98820321262,2.94643307666,101.303870622,1734609585.57
7.98773080856,2.94643306708,101.303870615,1734609585.62
7.98789960146,2.94643307172,101.303870617,1734609585.67
7.98751226161,2.94643305633,101.303870614,1734609585.72
7.98644019384,2.94643305206,101.303870613,1734609585.77
7.98742445931,2.94643306086,101.303870605,1734609585.83
7.98618173134,2.9464330482,101.303870592,1734609585.87
7.98432877939,2.9464330551,101.303870583,1734609585.92
7.98798219301,2.94643306007,101.303870602,1734609585.97
7.98775170185,2.94643307106,101.303870616,1734609586.05
7.98657177296,2.9464330739,101.303870624,1734609586.06
7.98780768365,2.94643307108,101.303870613,1734609586.12
7.98743214179,2.94643307018,101.303870607,1734609586.16
7.98768361751,2.94643307384,101.30387061,1734609586.22
7.98752978537,2.94643306874,101.303870602,1734609586.27
7.98648898862,2.94643305617,101.303870605,1734609586.32
7.98435830418,2.94643305155,101.303870602,1734609586.38
7.98688873276,2.94643305628,101.303870602,1734609586.49
7.98937709164,2.94643306407,101.303870623,1734609586.53
7.98785248492,2.94643306169,101.303870616,1734609586.58
7.98744929954,2.9464330715,101.303870619,1734609586.62
7.98762113694,2.94643307276,101.303870621,1734609586.67
7.986659199,2.94643306332,101.303870602,1734609586.72
7.98556607217,2.94643307413,101.303870612,1734609586.77
7.988421157,2.94643307386,101.303870614,1734609586.83
7.98694087751,2.94643306309,101.303870615,1734609586.88
7.98730338085,2.94643306264,101.303870615,1734609586.92
7.98804705497,2.94643305519,101.303870608,1734609586.97
7.98920917232,2.94643306186,101.303870614,1734609587.04
7.98987483792,2.94643306541,101.303870615,1734609587.07
7.98863401264,2.94643306743,101.303870609,1734609587.12
7.98843069188,2.94643306764,101.303870606,1734609587.17
7.98578304052,2.94643307231,101.303870607,1734609587.23
7.98832964338,2.94643307421,101.303870614,1734609587.26
7.9902735278,2.9464330725,101.30387061,1734609587.32
7.987678512,2.9464330719,101.303870604,1734609587.36
7.98979960848,2.9464330695,101.303870613,1734609587.42
7.98843905982,2.94643306586,101.303870608,1734609587.48
7.98789360281,2.94643305947,101.303870611,1734609587.55
7.98940312304,2.9464330688,101.303870598,1734609587.57
7.99085070658,2.94643307152,101.303870596,1734609587.63
7.98994894139,2.94643307346,101.303870591,1734609587.67
7.9887174461,2.9464330746,101.303870597,1734609587.72
7.99022348318,2.94643308069,101.303870606,1734609587.77
7.99019756634,2.94643307696,101.303870595,1734609587.82
7.98925100546,2.94643308291,101.30387061,1734609587.87
7.9930996988,2.94643307877,101.303870604,1734609587.93
7.98952167295,2.94643306813,101.303870603,1734609587.97
7.9915354969,2.94643307676,101.303870609,1734609588.05
7.98996371031,2.94643307238,101.3038706,1734609588.07
7.99143542815,2.94643307131,101.303870609,1734609588.12
7.99115906749,2.94643307648,101.303870602,1734609588.17
7.9912471734,2.94643307739,101.303870596,1734609588.22
7.99213994853,2.94643308024,101.303870589,1734609588.27
7.99021522701,2.94643307503,101.303870602,1734609588.32
7.99354697112,2.94643308248,101.303870613,1734609588.37
7.99289029371,2.94643306962,101.303870599,1734609588.42
7.99442399573,2.94643307396,101.3038706,1734609588.47
7.99032401294,2.94643306038,101.303870596,1734609588.53
7.99298520945,2.94643306715,101.303870604,1734609588.57
7.99439821485,2.94643307372,101.303870608,1734609588.62
7.9933945993,2.9464330631,101.303870602,1734609588.67
7.99542603269,2.94643306652,101.303870608,1734609588.72
7.99280667491,2.9464330624,101.303870596,1734609588.77
7.99234789331,2.94643305392,101.3038706,1734609588.82
7.99269539677,2.94643306561,101.303870602,1734609588.86
7.99190031551,2.94643306915,101.303870602,1734609588.92
7.9937669551,2.94643306824,101.3038706,1734609588.96
7.99435698241,2.94643306723,101.303870596,1734609589.05
7.99417821225,2.94643307058,101.303870606,1734609589.07
7.99398462195,2.94643306292,101.303870599,1734609589.12
7.99432972912,2.94643307002,101.303870603,1734609589.16
7.99138069898,2.94643305975,101.303870601,1734609589.22
7.99099454004,2.94643306414,101.30387061,1734609589.28
7.99214540515,2.94643306058,101.303870603,1734609589.32
7.99348554201,2.94643306511,101.30387061,1734609589.37
7.99548732676,2.94643306904,101.303870606,1734609589.45
7.99061669596,2.94643306124,101.303870602,1734609589.48
7.99267036468,2.94643306299,101.303870609,1734609589.53
7.99397448637,2.94643306315,101.303870609,1734609589.58
7.98557501286,2.94643305791,101.303870599,1734609589.63
7.98849754222,2.94643306116,101.3038706,1734609589.67
7.98716800846,2.94643305549,101.303870595,1734609589.72
7.98782864027,2.94643305968,101.303870606,1734609589.77
7.98395818658,2.94643305382,101.303870607,1734609589.82
7.98773539159,2.94643305485,101.303870601,1734609589.88
7.98674682993,2.9464330579,101.303870601,1734609589.92
7.98740808386,2.946433059,101.303870612,1734609589.97
7.98630367778,2.94643305201,101.303870613,1734609590.05
7.98657451291,2.94643305876,101.303870606,1734609590.07
7.9859938249,2.94643305837,101.303870606,1734609590.12
7.98585431091,2.94643305848,101.303870608,1734609590.17
7.98507500533,2.94643305829,101.303870605,1734609590.22
7.98547301628,2.94643305885,101.303870606,1734609590.27
7.98367693741,2.9464330456,101.303870602,1734609590.32
7.98741806112,2.9464330546,101.303870605,1734609590.37
7.98917929363,2.94643305789,101.303870614,1734609590.42

